-- phpMyAdmin SQL Dump
-- version 4.5.5.1
-- http://www.phpmyadmin.net
--
-- Host: localhost
-- Generation Time: Jul 19, 2017 at 03:50 PM
-- Server version: 5.6.28
-- PHP Version: 5.5.14

SET SQL_MODE = "NO_AUTO_VALUE_ON_ZERO";
SET time_zone = "+00:00";


/*!40101 SET @OLD_CHARACTER_SET_CLIENT=@@CHARACTER_SET_CLIENT */;
/*!40101 SET @OLD_CHARACTER_SET_RESULTS=@@CHARACTER_SET_RESULTS */;
/*!40101 SET @OLD_COLLATION_CONNECTION=@@COLLATION_CONNECTION */;
/*!40101 SET NAMES utf8mb4 */;

--
-- Database: `vpnadmin`
--

-- --------------------------------------------------------

--
-- Table structure for table `company`
--

CREATE TABLE `company` (
  `id` mediumint(8) UNSIGNED NOT NULL,
  `name` varchar(500) NOT NULL COMMENT 'Name',
  `quota` bigint(20) UNSIGNED NOT NULL COMMENT 'Traffic quota'
) ENGINE=InnoDB DEFAULT CHARSET=utf8;

--
-- Dumping data for table `company`
--

INSERT INTO `company` (`id`, `name`, `quota`) VALUES
(1, 'Apple', 700000000000000),
(2, 'Alibaba', 600000000000000),
(3, '<script>alert(\'xss\');</script>', 10000000000000),
(21, 'local', 125000000000000);

-- --------------------------------------------------------

--
-- Table structure for table `traffic`
--

CREATE TABLE `traffic` (
  `id` bigint(20) UNSIGNED NOT NULL,
  `user_id` int(11) DEFAULT NULL COMMENT AS `User`,
  `date` datetime NOT NULL COMMENT 'Date',
  `bytes` bigint(20) NOT NULL COMMENT 'Transferred'
) ENGINE=InnoDB DEFAULT CHARSET=utf8;

--
-- Dumping data for table `traffic`
--

INSERT INTO `traffic` (`id`, `user_id`, `date`, `bytes`) VALUES
(10038, 2, '2017-01-21 12:38:06', 4519727276693),
(10039, 2, '2017-01-27 14:31:23', 5746685802048),
(10040, 2, '2017-01-19 20:05:35', 9235299578876),
(10041, 2, '2017-02-11 20:55:26', 4683336280339),
(10042, 2, '2017-02-18 07:03:19', 673072957527),
(10043, 2, '2017-01-23 00:16:04', 3463807515865),
(10044, 2, '2017-01-28 05:08:01', 4922417704998),
(10045, 2, '2017-01-22 20:33:55', 7032274897240),
(10046, 2, '2017-01-26 02:04:24', 3366298875838),
(10047, 2, '2017-01-29 23:46:35', 9171107867741),
(10048, 2, '2017-02-04 20:17:46', 6128658088894),
(10049, 2, '2017-01-30 04:25:01', 1861284384585),
(10050, 2, '2017-01-27 14:29:10', 7347707133767),
(10051, 2, '2017-01-29 13:02:41', 612173574139),
(10052, 2, '2017-02-17 21:40:50', 3070560838165),
(10053, 2, '2017-01-22 01:29:22', 6721736695650),
(10054, 2, '2017-01-19 19:12:20', 7933525005376),
(10055, 2, '2017-02-13 15:50:30', 6068510022054),
(10056, 2, '2017-02-12 03:13:38', 1463743792932),
(10057, 2, '2017-01-29 02:55:52', 9679231825288),
(10058, 2, '2017-02-02 12:35:42', 3781024781118),
(10059, 2, '2017-02-12 20:09:51', 9100648709582),
(10060, 2, '2017-01-30 02:37:50', 9502723012125),
(10061, 2, '2017-01-23 00:51:30', 113743464561),
(10062, 2, '2017-02-04 19:00:15', 529160271493),
(10063, 2, '2017-01-22 12:58:18', 9780419021848),
(10064, 2, '2017-02-01 00:17:42', 5356089486787),
(10065, 2, '2017-01-23 05:43:04', 5764368320858),
(10066, 2, '2017-01-25 21:04:22', 7608396848688),
(10067, 2, '2017-02-02 20:33:26', 8345420351269),
(10068, 2, '2017-02-05 01:41:44', 826922142969),
(10069, 2, '2017-01-27 14:47:52', 3815445844146),
(10070, 2, '2017-01-20 08:29:03', 4248826135939),
(10071, 2, '2017-01-19 17:18:39', 9139678706424),
(10072, 2, '2017-02-05 06:58:42', 3777905111263),
(10073, 2, '2017-02-12 06:06:31', 3472790648295),
(10074, 2, '2017-01-26 23:18:49', 1542763388800),
(10075, 2, '2017-02-08 13:50:48', 9442839315167),
(10076, 2, '2017-01-27 07:14:56', 8602735865876),
(10077, 2, '2017-02-06 06:07:46', 6168954856732),
(10078, 2, '2017-02-02 18:44:28', 6272298009172),
(10079, 2, '2017-01-20 05:54:49', 1272806041030),
(10080, 2, '2017-02-17 13:42:59', 4974360554529),
(10081, 2, '2017-02-10 02:22:51', 4229265688976),
(10082, 2, '2017-01-30 14:58:33', 5997315389144),
(10083, 2, '2017-01-20 03:02:07', 3486050455896),
(10084, 2, '2017-02-02 15:06:17', 1307685338047),
(10085, 2, '2017-01-26 14:05:33', 7624315987365),
(10086, 2, '2017-02-13 02:01:24', 8955552731651),
(10087, 2, '2017-02-15 10:36:12', 1450043432500),
(10088, 2, '2017-02-05 02:16:08', 1224150727590),
(10089, 2, '2017-01-30 06:02:39', 2415218460449),
(10090, 2, '2017-01-25 20:47:51', 8712843465632),
(10091, 2, '2017-02-13 14:29:27', 9660643250685),
(10092, 2, '2017-02-09 08:46:59', 3545030364831),
(10093, 2, '2017-02-10 13:37:41', 848092790784),
(10094, 2, '2017-02-07 22:45:34', 64757126482),
(10095, 2, '2017-02-12 09:55:30', 7669424004876),
(10096, 2, '2017-02-10 02:59:23', 2754863575173),
(10097, 2, '2017-02-09 23:17:31', 3686213973041),
(10098, 2, '2017-02-05 17:17:25', 7120913872524),
(10099, 2, '2017-01-23 15:12:47', 8797861984943),
(10100, 2, '2017-02-16 13:45:03', 3099764641443),
(10101, 2, '2017-02-15 03:34:45', 4321633302663),
(10102, 2, '2017-02-09 03:45:03', 6994297164523),
(10103, 2, '2017-02-01 13:54:13', 1442590430464),
(10104, 2, '2017-02-19 05:20:16', 1391382967208),
(10105, 2, '2017-02-19 11:42:41', 2885740064155),
(10106, 2, '2017-01-19 15:49:11', 4896161207049),
(10107, 2, '2017-02-03 18:00:47', 7234005136443),
(10108, 2, '2017-01-21 11:30:06', 7353927204412),
(10109, 2, '2017-01-20 12:06:11', 7446905532878),
(10110, 2, '2017-02-18 07:24:56', 7817763229854),
(10111, 2, '2017-02-17 08:23:53', 7427778644513),
(10112, 2, '2017-02-08 19:45:32', 8075352977050),
(10113, 2, '2017-02-10 17:24:45', 590446717199),
(10114, 2, '2017-02-05 21:18:22', 4007421736665),
(10115, 2, '2017-02-11 10:13:59', 5865266132210),
(10116, 2, '2017-01-19 22:16:21', 7158000995434),
(10117, 2, '2017-02-15 10:30:44', 8112796512452),
(10118, 2, '2017-02-02 01:16:13', 4724996048079),
(10119, 2, '2017-02-13 15:08:28', 3969647367545),
(10120, 2, '2017-01-29 14:32:52', 132457702519),
(10121, 2, '2017-02-09 21:00:36', 5191049547914),
(10122, 2, '2017-02-17 01:33:45', 5414034556643),
(10123, 2, '2017-02-09 15:37:42', 6801334084044),
(10124, 2, '2017-01-29 17:40:11', 5119329504718),
(10125, 2, '2017-02-08 06:55:47', 9114281861121),
(10126, 2, '2017-01-20 20:32:49', 620706430730),
(10127, 2, '2017-02-10 14:02:36', 1889201831153),
(10128, 2, '2017-02-02 05:29:40', 4048765138782),
(10129, 2, '2017-02-04 20:51:40', 3327984591081),
(10130, 2, '2017-02-05 00:57:27', 2723673703221),
(10131, 3, '2017-01-27 06:07:30', 6763093657824),
(10132, 3, '2017-02-05 13:00:16', 5812403438655),
(10133, 3, '2017-02-12 14:19:56', 3466231674021),
(10134, 3, '2017-01-20 21:07:44', 8088983655927),
(10135, 3, '2017-01-22 22:26:32', 913480743856),
(10136, 3, '2017-02-06 14:50:57', 5976682077202),
(10137, 3, '2017-02-15 16:11:34', 6477281237056),
(10138, 3, '2017-02-18 03:53:11', 6693560238961),
(10139, 3, '2017-01-20 05:23:51', 8812027387333),
(10140, 3, '2017-02-18 06:54:41', 5713310740000),
(10141, 3, '2017-02-17 01:58:09', 5861248420593),
(10142, 3, '2017-02-03 04:42:14', 2992747565801),
(10143, 3, '2017-02-11 10:55:56', 3674220424209),
(10144, 3, '2017-02-12 18:45:31', 2568270801641),
(10145, 3, '2017-01-20 14:46:41', 8865227638756),
(10146, 3, '2017-02-02 12:15:54', 3375833537496),
(10147, 3, '2017-01-31 22:54:25', 3639149358560),
(10148, 3, '2017-02-14 18:21:31', 845852666626),
(10149, 3, '2017-01-25 06:58:05', 5804888387253),
(10150, 3, '2017-02-10 08:35:51', 9227226590746),
(10151, 3, '2017-02-07 16:33:51', 3964948961572),
(10152, 3, '2017-01-26 00:16:22', 8330945801007),
(10153, 3, '2017-02-02 22:34:23', 9180197916002),
(10154, 3, '2017-02-09 04:17:20', 8322734218108),
(10155, 3, '2017-02-03 05:57:37', 8425135314481),
(10156, 3, '2017-02-18 06:28:10', 3447855999759),
(10157, 3, '2017-02-15 23:10:14', 5520659387157),
(10158, 3, '2017-01-22 09:36:39', 1544078174131),
(10159, 3, '2017-01-22 02:30:16', 5061518205379),
(10160, 3, '2017-02-06 20:13:37', 6837989864903),
(10161, 3, '2017-01-22 10:33:11', 1056793895639),
(10162, 3, '2017-02-09 15:41:23', 8467994299733),
(10163, 3, '2017-01-30 11:33:36', 2186375251118),
(10164, 3, '2017-02-08 06:46:18', 6957239215293),
(10165, 3, '2017-01-25 23:02:46', 6838287836904),
(10166, 3, '2017-01-29 20:50:08', 9486143840482),
(10167, 3, '2017-02-06 23:36:28', 9640418440108),
(10168, 3, '2017-01-29 06:56:00', 5581538705199),
(10169, 3, '2017-01-28 22:21:56', 2657377291544),
(10170, 3, '2017-02-06 13:14:59', 3550681429979),
(10171, 3, '2017-01-31 03:52:06', 9147260696636),
(10172, 3, '2017-02-04 08:43:18', 8774445392204),
(10173, 3, '2017-01-31 18:55:09', 6780175850759),
(10174, 3, '2017-02-11 02:49:54', 2472917796188),
(10175, 4, '2017-01-25 23:22:09', 7279483657358),
(10176, 4, '2017-01-30 19:49:51', 6709257587824),
(10177, 4, '2017-02-19 04:51:09', 8533352031388),
(10178, 4, '2017-02-01 05:23:20', 8881731056620),
(10179, 4, '2017-01-27 09:24:46', 9117399645047),
(10180, 4, '2017-02-16 21:31:39', 8529351344347),
(10181, 4, '2017-01-27 05:01:55', 8704228266156),
(10182, 4, '2017-01-31 15:32:49', 2679176763704),
(10183, 4, '2017-02-05 15:09:10', 1912412233731),
(10184, 4, '2017-02-01 08:48:17', 9484089622280),
(10185, 4, '2017-02-01 03:51:49', 6421802835575),
(10186, 4, '2017-02-15 12:09:16', 6541558532079),
(10187, 4, '2017-01-24 16:03:57', 6506558400614),
(10188, 4, '2017-01-25 07:50:16', 696528875362),
(10189, 4, '2017-01-22 21:15:06', 6593266837333),
(10190, 4, '2017-02-03 02:53:46', 3076358833419),
(10191, 4, '2017-02-09 02:13:34', 7102794130362),
(10192, 4, '2017-02-15 04:42:37', 7346193487783),
(10193, 4, '2017-02-14 17:16:52', 7317732470137),
(10194, 4, '2017-02-19 12:16:44', 9918861393818),
(10195, 4, '2017-01-27 22:01:36', 7975627728758),
(10196, 4, '2017-02-16 00:43:35', 9232388893150),
(10197, 4, '2017-01-21 11:20:01', 4681500201167),
(10198, 4, '2017-01-22 19:25:37', 4813467818364),
(10199, 4, '2017-02-02 01:41:16', 5201117536101),
(10200, 4, '2017-01-22 11:52:57', 1745733609505),
(10201, 4, '2017-01-30 02:35:56', 9039874994206),
(10202, 4, '2017-02-06 12:16:37', 5157520030674),
(10203, 4, '2017-01-21 07:44:03', 8790646540014),
(10204, 4, '2017-02-08 13:32:35', 2994799860823),
(10205, 4, '2017-02-07 12:07:50', 5770023735282),
(10206, 4, '2017-02-16 22:20:21', 2413474624121),
(10207, 4, '2017-01-26 05:22:10', 6985712442577),
(10208, 4, '2017-02-03 17:32:52', 8693913831389),
(10209, 4, '2017-01-28 22:03:42', 4570723520646),
(10210, 4, '2017-02-03 14:19:43', 1346578947355),
(10211, 4, '2017-02-13 12:05:41', 4575034692006),
(10212, 4, '2017-01-27 12:53:17', 4385330313873),
(10213, 4, '2017-01-22 10:39:30', 8109373082426),
(10214, 4, '2017-02-03 02:44:25', 1597572518596),
(10215, 4, '2017-02-01 18:40:56', 5819106199821),
(10216, 4, '2017-01-30 18:45:57', 2822752548453),
(10217, 4, '2017-02-16 14:48:26', 7045844425477),
(10218, 4, '2017-02-06 20:43:41', 447808140984),
(10219, 4, '2017-02-12 03:49:11', 1146340263164),
(10220, 4, '2017-02-01 09:25:37', 2184110721651),
(10221, 4, '2017-02-07 22:19:09', 5281515540602),
(10222, 4, '2017-02-07 03:52:02', 6311926203817),
(10223, 4, '2017-01-28 09:42:26', 5691647604151),
(10224, 4, '2017-02-08 16:11:50', 7615903345892),
(10225, 4, '2017-02-01 11:29:14', 6754357796195),
(10226, 4, '2017-02-15 19:26:50', 5490027992100),
(10227, 4, '2017-02-07 20:08:25', 8019398786148),
(10228, 4, '2017-01-23 15:47:36', 9175021173441),
(10229, 4, '2017-02-01 23:28:08', 833486514257),
(10230, 4, '2017-01-28 06:18:22', 5749761066442),
(10231, 4, '2017-02-15 17:21:15', 9773006052713),
(10232, 4, '2017-02-14 03:47:09', 9134758575828),
(10233, 4, '2017-01-26 23:35:37', 7306918012937),
(10234, 4, '2017-01-21 04:32:53', 5491461814426),
(10235, 4, '2017-02-10 01:08:22', 7448509866398),
(10236, 4, '2017-01-26 10:49:19', 3517242046138),
(10237, 4, '2017-02-16 00:39:38', 5003718361308),
(10238, 4, '2017-02-02 01:57:32', 7481565615188),
(10239, 4, '2017-02-10 08:33:06', 5425818245904),
(10240, 4, '2017-02-04 22:43:31', 1718635205262),
(10241, 4, '2017-02-09 00:38:58', 8875952768151),
(10242, 4, '2017-02-08 21:03:29', 3822806547458),
(10243, 4, '2017-02-14 14:03:25', 5647223424210),
(10244, 4, '2017-02-02 06:55:27', 9538318463606),
(10245, 4, '2017-02-02 02:13:36', 145709794113),
(10246, 4, '2017-02-01 17:16:19', 2182767242271),
(10247, 4, '2017-02-19 07:07:18', 861141448931),
(10248, 4, '2017-01-25 02:42:16', 7231635577073),
(10249, 4, '2017-01-21 13:05:32', 7582422201546),
(10250, 4, '2017-02-07 14:05:20', 3061415557819),
(10251, 4, '2017-02-16 05:43:18', 1344910925340),
(10252, 5, '2017-02-12 10:10:40', 886545167395),
(10253, 5, '2017-01-28 12:05:38', 545270568785),
(10254, 5, '2017-01-23 22:19:44', 6161621776448),
(10255, 5, '2017-02-12 01:22:04', 9177177324900),
(10256, 5, '2017-01-31 19:29:09', 9160445109019),
(10257, 5, '2017-02-11 01:19:00', 1747652217828),
(10258, 5, '2017-02-06 16:39:56', 2363810204046),
(10259, 5, '2017-01-20 23:54:54', 6307577239387),
(10260, 5, '2017-01-28 02:13:33', 8024283777942),
(10261, 5, '2017-01-26 03:55:29', 2725077020077),
(10262, 5, '2017-02-05 14:23:06', 4978598929061),
(10263, 5, '2017-02-17 04:09:22', 7920261216371),
(10264, 5, '2017-02-01 18:42:58', 875767613852),
(10265, 5, '2017-02-07 15:44:16', 1649469984778),
(10266, 5, '2017-02-16 23:23:37', 2141588209275),
(10267, 5, '2017-02-16 01:26:23', 1941249752497),
(10268, 5, '2017-02-05 13:41:59', 2188959410492),
(10269, 5, '2017-02-07 00:42:28', 3818353014129),
(10270, 5, '2017-01-30 09:19:52', 4466433897670),
(10271, 5, '2017-02-17 04:50:04', 1865474004379),
(10272, 5, '2017-01-29 06:23:59', 4599180603454),
(10273, 5, '2017-01-23 09:31:55', 6578868646209),
(10274, 5, '2017-02-13 12:58:21', 3067102404380),
(10275, 5, '2017-01-24 14:17:44', 7301745913019),
(10276, 5, '2017-01-31 06:03:17', 5980236362706),
(10277, 5, '2017-01-31 22:28:38', 1357891820457),
(10278, 5, '2017-01-31 17:03:31', 6344617726318),
(10279, 5, '2017-02-14 01:05:39', 7375044240643),
(10280, 5, '2017-01-20 12:35:40', 1513824299994),
(10281, 5, '2017-02-15 22:50:47', 2396472031326),
(10282, 5, '2017-02-08 04:52:42', 5832670223941),
(10283, 5, '2017-02-16 06:46:55', 9601481482391),
(10284, 5, '2017-02-14 21:09:13', 719999629165),
(10285, 5, '2017-01-24 21:08:15', 4080399442523),
(10286, 5, '2017-01-29 12:18:09', 9927587751300),
(10287, 5, '2017-02-08 17:30:24', 4374299417306),
(10288, 5, '2017-02-07 21:24:34', 9779850132766),
(10289, 5, '2017-02-17 11:23:48', 3788878219264),
(10290, 5, '2017-01-20 06:27:01', 845797658058),
(10291, 5, '2017-01-20 20:07:35', 3266604528830),
(10292, 5, '2017-01-22 00:36:36', 569154745993),
(10293, 5, '2017-02-06 07:05:42', 1382630216044),
(10294, 5, '2017-01-24 19:08:28', 4240269707573),
(10295, 5, '2017-02-05 13:00:14', 2409218903707),
(10296, 5, '2017-02-14 09:14:56', 7267576083568),
(10297, 5, '2017-01-26 07:27:29', 5252573890659),
(10298, 5, '2017-02-05 14:39:37', 1294867498887),
(10299, 5, '2017-02-15 17:47:28', 270967553467),
(10300, 5, '2017-02-11 17:36:36', 5427517825783),
(10301, 5, '2017-01-27 12:31:50', 515499631969),
(10302, 5, '2017-02-15 05:53:59', 1631263657556),
(10303, 5, '2017-01-31 01:07:42', 6385649275071),
(10304, 5, '2017-01-28 11:56:36', 6733787208828),
(10305, 5, '2017-02-11 10:49:35', 4945908421701),
(10306, 5, '2017-02-13 13:51:55', 9570073890505),
(10307, 5, '2017-01-21 12:15:05', 6716168862801),
(10308, 5, '2017-02-05 10:47:46', 6062070722731),
(10309, 5, '2017-01-30 14:46:25', 7971808398163),
(10310, 5, '2017-01-25 08:31:24', 2796572144215),
(10311, 5, '2017-02-11 12:53:49', 9105528099472),
(10312, 6, '2017-02-03 14:15:00', 9172131964014),
(10313, 6, '2017-02-15 06:49:40', 8332298602926),
(10314, 6, '2017-01-20 19:59:47', 1406609071504),
(10315, 6, '2017-02-09 14:19:49', 5261665773625),
(10316, 6, '2017-02-18 11:06:58', 3248273669809),
(10317, 6, '2017-02-13 10:17:51', 666673248727),
(10318, 6, '2017-01-27 19:20:01', 9565136460592),
(10319, 6, '2017-01-21 14:48:24', 1464374861765),
(10320, 6, '2017-01-24 09:37:25', 596477254387),
(10321, 6, '2017-02-17 02:18:13', 1806611488655),
(10322, 6, '2017-01-31 16:37:11', 9063589442531),
(10323, 6, '2017-02-01 20:33:28', 3614922864426),
(10324, 6, '2017-01-29 15:01:42', 4382859654781),
(10325, 6, '2017-02-19 09:09:57', 3423627866498),
(10326, 6, '2017-01-23 23:28:25', 5181707562927),
(10327, 6, '2017-01-20 09:33:14', 4512261152322),
(10328, 6, '2017-02-11 19:26:21', 8733433061292),
(10329, 6, '2017-02-10 13:05:33', 2953806044604),
(10330, 6, '2017-02-02 07:51:46', 1629042783835),
(10331, 6, '2017-02-17 06:45:56', 8641960397377),
(10332, 6, '2017-01-30 04:40:51', 6128678792195),
(10333, 6, '2017-02-05 09:03:46', 3477755575506),
(10334, 6, '2017-01-19 19:22:47', 9783463333736),
(10335, 6, '2017-02-05 12:56:47', 5317553584511),
(10336, 6, '2017-02-05 17:10:26', 7867939895972),
(10337, 6, '2017-01-21 03:15:13', 3088764674099),
(10338, 6, '2017-01-27 21:06:54', 2860738704984),
(10339, 6, '2017-01-28 01:14:57', 7822988987922),
(10340, 6, '2017-02-01 18:40:58', 8369542779418),
(10341, 6, '2017-02-15 07:49:35', 8750956277376),
(10342, 6, '2017-02-08 19:01:56', 2482111281790),
(10343, 6, '2017-02-10 15:44:01', 3090245700510),
(10344, 6, '2017-02-14 14:34:59', 1710185646162),
(10345, 6, '2017-02-02 05:52:30', 3548271255632),
(10346, 6, '2017-02-04 16:03:34', 1863953401416),
(10347, 6, '2017-02-15 07:05:36', 6951165651002),
(10348, 6, '2017-02-11 15:34:11', 2845008866933),
(10349, 6, '2017-02-19 01:14:26', 2019488290032),
(10350, 6, '2017-02-16 09:37:00', 4981749295307),
(10351, 8, '2017-02-12 17:13:51', 3257991639033),
(10352, 8, '2017-01-27 23:01:14', 1963019226758),
(10353, 8, '2017-02-16 00:58:43', 2512056962662),
(10354, 8, '2017-01-24 04:23:24', 4537554150502),
(10355, 8, '2017-02-11 03:18:12', 8872911152442),
(10356, 8, '2017-01-26 18:08:26', 9060509591373),
(10357, 8, '2017-02-02 12:20:18', 8935227771301),
(10358, 8, '2017-01-27 07:48:02', 4711147639953),
(10359, 8, '2017-02-10 00:56:38', 1166663984856),
(10360, 8, '2017-02-09 10:34:53', 118659515963),
(10361, 8, '2017-02-03 03:13:05', 3883059085408),
(10362, 8, '2017-02-05 12:36:05', 4248339110112),
(10363, 8, '2017-02-15 15:54:58', 918353735560),
(10364, 8, '2017-02-10 07:47:59', 2507748710998),
(10365, 8, '2017-02-05 23:10:05', 1443528793837),
(10366, 8, '2017-01-27 08:31:50', 9011254427034),
(10367, 8, '2017-02-10 23:21:00', 1831212448969),
(10368, 8, '2017-02-10 15:24:20', 3427078779852),
(10369, 8, '2017-02-10 11:17:06', 3038154095481),
(10370, 8, '2017-02-16 14:45:18', 2053592698728),
(10371, 8, '2017-02-18 21:23:26', 5556932254739),
(10372, 8, '2017-02-19 09:05:48', 8852129448217),
(10373, 8, '2017-01-28 16:31:26', 1054700100883),
(10374, 8, '2017-02-10 17:40:51', 8627279209918),
(10375, 8, '2017-02-14 10:24:48', 4083896311990),
(10376, 8, '2017-02-08 23:16:53', 8908304851513),
(10377, 8, '2017-01-26 01:01:32', 2876201407124),
(10378, 8, '2017-02-08 17:34:16', 4427324323971),
(10379, 8, '2017-01-20 13:40:29', 4605156621018),
(10380, 8, '2017-02-04 18:04:40', 583552112897),
(10381, 8, '2017-02-06 16:04:57', 6017154576297),
(10382, 8, '2017-02-18 18:03:07', 7822092338487),
(10383, 8, '2017-02-12 04:10:45', 4437169754002),
(10384, 8, '2017-02-16 01:52:00', 8805417958659),
(10385, 8, '2017-02-17 19:53:40', 9693628698591),
(10386, 8, '2017-02-05 10:33:02', 7375929011058),
(10387, 8, '2017-02-08 23:53:48', 16519320297),
(10388, 8, '2017-02-16 16:45:41', 9261626722299),
(10389, 8, '2017-02-16 10:29:30', 3187469723702),
(10390, 8, '2017-02-18 16:28:39', 9640621482399),
(10391, 8, '2017-02-03 21:11:36', 5697787385477),
(10392, 8, '2017-01-21 20:22:01', 3231372525983),
(10393, 8, '2017-01-31 20:15:14', 4325439496954),
(10394, 8, '2017-02-07 06:01:51', 929937139244),
(10395, 8, '2017-02-17 17:45:43', 3233907944590),
(10396, 8, '2017-02-17 08:17:46', 7531908326807),
(10397, 8, '2017-02-11 15:11:56', 8097779192050),
(10398, 8, '2017-01-31 07:34:41', 6595542095636),
(10399, 8, '2017-02-03 18:24:31', 8256682534720),
(10400, 8, '2017-01-25 01:00:37', 6397472629360),
(10401, 8, '2017-02-12 04:33:07', 7833449379563),
(10402, 8, '2017-01-20 09:35:34', 757218925374),
(10403, 8, '2017-01-24 21:12:31', 6621323614415),
(10404, 8, '2017-02-09 09:44:13', 1669590491884),
(10405, 8, '2017-01-21 07:36:05', 3330360180765),
(10406, 8, '2017-01-22 16:47:42', 8710277099176),
(10407, 8, '2017-02-15 04:34:27', 1039117863491),
(10408, 8, '2017-02-10 15:07:21', 2082452229303),
(10409, 8, '2017-01-26 04:41:20', 4828785946644),
(10410, 8, '2017-02-09 22:42:45', 3125928323784),
(10411, 8, '2017-01-22 00:16:49', 1764952889726),
(10412, 8, '2017-02-17 22:14:03', 4537360221202),
(10413, 8, '2017-01-27 00:41:37', 6549200885964),
(10414, 2, '2017-03-14 07:22:52', 9901381833480),
(10415, 2, '2017-02-28 17:28:50', 3295496166751),
(10416, 2, '2017-02-22 03:04:31', 3940488155992),
(10417, 2, '2017-03-18 21:25:20', 6073414799797),
(10418, 2, '2017-03-08 12:30:47', 3458253894998),
(10419, 2, '2017-03-19 12:34:18', 7188089606380),
(10420, 2, '2017-02-28 08:41:56', 651160823274),
(10421, 2, '2017-03-11 18:14:38', 421893103144),
(10422, 2, '2017-03-06 23:30:12', 3958965563276),
(10423, 2, '2017-02-26 11:13:39', 8074265550842),
(10424, 2, '2017-03-01 00:23:20', 95442542905),
(10425, 2, '2017-02-21 14:45:35', 1686711995945),
(10426, 2, '2017-02-26 15:17:49', 3033314636047),
(10427, 2, '2017-02-19 20:17:43', 6754843848790),
(10428, 2, '2017-03-10 00:28:09', 5464312974409),
(10429, 2, '2017-02-26 07:43:10', 4028579695210),
(10430, 2, '2017-03-10 13:22:55', 373251708320),
(10431, 2, '2017-03-09 18:59:07', 514427209367),
(10432, 2, '2017-03-09 00:38:31', 2109468388450),
(10433, 2, '2017-03-14 16:21:04', 2181591386985),
(10434, 2, '2017-03-10 14:13:33', 2395869023242),
(10435, 2, '2017-03-12 23:50:59', 7999821719734),
(10436, 2, '2017-02-27 01:40:11', 7946794428883),
(10437, 2, '2017-03-04 09:46:52', 5305820670957),
(10438, 2, '2017-03-07 05:16:11', 673724794853),
(10439, 2, '2017-03-16 05:10:57', 1447420637208),
(10440, 2, '2017-03-08 13:30:55', 7656447263458),
(10441, 2, '2017-03-12 13:57:47', 4193966961524),
(10442, 2, '2017-03-09 04:56:41', 5364473182754),
(10443, 2, '2017-02-28 19:09:25', 9376352755360),
(10444, 2, '2017-02-23 11:00:32', 7722979849227),
(10445, 2, '2017-03-08 22:06:48', 7532152682568),
(10446, 2, '2017-03-01 17:42:40', 2060733437617),
(10447, 2, '2017-03-07 05:14:25', 9204144473196),
(10448, 2, '2017-03-13 02:24:06', 6746253338675),
(10449, 2, '2017-02-25 07:33:48', 7323093991754),
(10450, 2, '2017-03-12 07:52:35', 7308967751478),
(10451, 3, '2017-02-20 22:45:50', 9786477242599),
(10452, 3, '2017-03-06 07:41:50', 6589669175480),
(10453, 3, '2017-03-12 15:30:09', 6073553422505),
(10454, 3, '2017-03-14 23:57:56', 4673071592168),
(10455, 3, '2017-03-11 01:24:22', 366783542654),
(10456, 3, '2017-03-05 21:34:56', 7777540539414),
(10457, 3, '2017-02-23 06:55:22', 1738269841381),
(10458, 3, '2017-03-03 05:56:28', 2611752701997),
(10459, 3, '2017-02-28 17:06:17', 9926447374747),
(10460, 3, '2017-02-25 18:57:37', 7027523675963),
(10461, 3, '2017-03-02 09:23:57', 6556521188502),
(10462, 3, '2017-03-16 16:46:27', 7191562415129),
(10463, 3, '2017-02-21 16:44:14', 1638778280550),
(10464, 3, '2017-03-08 14:02:38', 1306975497951),
(10465, 3, '2017-02-21 11:44:27', 6733413343351),
(10466, 3, '2017-03-04 11:41:45', 2776383329255),
(10467, 3, '2017-02-23 04:01:02', 1508025014858),
(10468, 3, '2017-02-23 23:10:29', 2872260059301),
(10469, 3, '2017-03-11 00:37:01', 8842929299001),
(10470, 3, '2017-03-09 07:47:54', 6622591000084),
(10471, 3, '2017-03-19 01:51:25', 7656332301000),
(10472, 3, '2017-03-06 01:43:11', 179611174487),
(10473, 3, '2017-03-04 11:12:17', 192608810128),
(10474, 3, '2017-03-05 00:44:46', 3023977363552),
(10475, 3, '2017-03-04 01:09:22', 4444101024475),
(10476, 3, '2017-03-14 17:38:29', 1067759394735),
(10477, 3, '2017-03-15 07:51:26', 3454749137228),
(10478, 3, '2017-03-07 21:33:48', 6052685785147),
(10479, 3, '2017-03-02 22:33:35', 2611699681803),
(10480, 4, '2017-03-18 17:00:38', 7023548539758),
(10481, 4, '2017-03-19 06:19:42', 8159585013073),
(10482, 4, '2017-03-11 11:08:53', 6898057423563),
(10483, 4, '2017-03-13 02:10:44', 94728344219),
(10484, 4, '2017-03-16 10:16:06', 4590530442128),
(10485, 4, '2017-02-26 05:13:38', 3245262699269),
(10486, 4, '2017-02-26 00:07:00', 9566118307416),
(10487, 4, '2017-03-06 18:54:17', 6076273652764),
(10488, 4, '2017-03-01 10:58:13', 8800861421054),
(10489, 4, '2017-03-14 12:18:43', 1872895835048),
(10490, 4, '2017-03-09 12:41:54', 6690503666211),
(10491, 4, '2017-03-12 14:52:32', 3204837678999),
(10492, 4, '2017-03-03 18:02:27', 2171105174426),
(10493, 4, '2017-03-05 09:07:43', 7499432601060),
(10494, 4, '2017-02-22 17:22:55', 5745379119223),
(10495, 4, '2017-02-22 21:24:08', 7432385329183),
(10496, 4, '2017-03-02 00:59:33', 2389554507175),
(10497, 4, '2017-03-12 01:58:23', 786990858706),
(10498, 4, '2017-02-25 05:43:37', 5038070804489),
(10499, 4, '2017-03-09 15:04:19', 9162122961143),
(10500, 4, '2017-03-05 05:28:31', 5796723910650),
(10501, 4, '2017-02-26 13:34:51', 8197112879734),
(10502, 4, '2017-03-18 18:06:13', 4420736157391),
(10503, 4, '2017-03-01 08:54:11', 9933955525049),
(10504, 4, '2017-02-26 18:45:01', 3493996714307),
(10505, 4, '2017-03-13 11:02:03', 6903355703720),
(10506, 4, '2017-03-05 07:42:50', 7709657992259),
(10507, 4, '2017-03-06 22:06:19', 7589390277887),
(10508, 4, '2017-03-17 18:57:10', 3487050691684),
(10509, 4, '2017-02-27 10:03:10', 340496366940),
(10510, 4, '2017-03-11 02:34:48', 7599083036209),
(10511, 4, '2017-03-09 04:45:44', 1433911160651),
(10512, 4, '2017-03-13 16:49:00', 6072606174315),
(10513, 4, '2017-03-11 21:52:06', 3402158701858),
(10514, 4, '2017-03-07 17:13:41', 6118388478683),
(10515, 4, '2017-03-12 17:43:59', 3028969527292),
(10516, 4, '2017-03-07 13:53:27', 3682097843911),
(10517, 4, '2017-03-01 20:04:48', 8362743938358),
(10518, 4, '2017-03-17 22:12:25', 190842482359),
(10519, 4, '2017-03-18 20:07:52', 7621794170724),
(10520, 4, '2017-02-21 20:09:39', 5742804938970),
(10521, 4, '2017-02-26 23:36:45', 8074950659667),
(10522, 4, '2017-02-25 13:48:04', 3820249880726),
(10523, 4, '2017-02-26 17:05:45', 1552638481455),
(10524, 4, '2017-03-06 04:21:37', 3822833686197),
(10525, 4, '2017-03-17 00:26:14', 2266049957911),
(10526, 4, '2017-02-21 19:26:28', 4624732914434),
(10527, 4, '2017-02-25 15:43:49', 5743990382222),
(10528, 4, '2017-02-24 17:38:52', 5019598812846),
(10529, 4, '2017-02-28 09:41:36', 6529726595653),
(10530, 4, '2017-03-15 07:36:26', 9252050076619),
(10531, 4, '2017-03-05 09:20:39', 2136550722722),
(10532, 4, '2017-03-16 08:51:50', 7245544795906),
(10533, 4, '2017-03-04 05:24:46', 3480749339862),
(10534, 4, '2017-03-11 03:54:04', 2139223790806),
(10535, 4, '2017-03-12 11:40:32', 3490646192869),
(10536, 4, '2017-03-03 19:49:22', 3684542952168),
(10537, 4, '2017-03-19 01:52:55', 3096986995147),
(10538, 4, '2017-03-12 21:03:29', 9911437584089),
(10539, 4, '2017-02-28 18:48:53', 6995905917168),
(10540, 4, '2017-02-28 02:11:04', 4976618341220),
(10541, 4, '2017-02-22 04:23:53', 7993379817365),
(10542, 4, '2017-03-01 03:08:34', 1847670395008),
(10543, 4, '2017-02-27 18:22:45', 582473590132),
(10544, 4, '2017-03-03 16:41:46', 2818466699754),
(10545, 4, '2017-03-17 17:47:06', 4338398226593),
(10546, 4, '2017-03-08 22:36:06', 5127535243567),
(10547, 4, '2017-03-16 08:10:04', 2532425997853),
(10548, 4, '2017-03-19 12:17:53', 6209169677497),
(10549, 4, '2017-03-11 12:03:21', 7029836406030),
(10550, 4, '2017-02-28 07:48:43', 8792103985337),
(10551, 4, '2017-03-07 17:00:26', 1109038358643),
(10552, 5, '2017-03-14 06:33:02', 8699342999621),
(10553, 5, '2017-02-20 21:53:29', 1381829669785),
(10554, 5, '2017-02-26 13:55:26', 6153687764929),
(10555, 5, '2017-03-12 15:27:48', 9880399992691),
(10556, 5, '2017-02-23 11:46:45', 5507698189512),
(10557, 5, '2017-03-14 09:45:42', 2474393937812),
(10558, 5, '2017-03-14 00:05:56', 4994883397644),
(10559, 5, '2017-02-24 02:23:51', 7769106263317),
(10560, 5, '2017-03-13 05:33:21', 6758741987902),
(10561, 5, '2017-03-18 06:08:55', 4331201412772),
(10562, 5, '2017-03-01 20:46:14', 7072141072742),
(10563, 5, '2017-02-27 04:18:08', 3603192945075),
(10564, 5, '2017-02-28 12:29:40', 4618652151020),
(10565, 5, '2017-02-25 09:13:35', 4516728278304),
(10566, 5, '2017-03-11 13:03:02', 7263958561262),
(10567, 5, '2017-02-19 23:28:29', 7647201344395),
(10568, 5, '2017-03-13 17:14:16', 7017932185002),
(10569, 5, '2017-02-27 16:16:25', 9152461579078),
(10570, 5, '2017-03-15 13:49:00', 4280164768045),
(10571, 5, '2017-02-26 22:37:13', 882613458761),
(10572, 5, '2017-02-21 04:40:47', 3204362238825),
(10573, 5, '2017-02-27 05:57:24', 7045767582051),
(10574, 5, '2017-03-03 08:53:24', 462247538475),
(10575, 5, '2017-02-23 10:09:22', 9629965941426),
(10576, 5, '2017-03-01 22:43:08', 6517558326048),
(10577, 5, '2017-03-06 22:02:04', 747159170079),
(10578, 5, '2017-03-09 12:17:59', 449520461356),
(10579, 5, '2017-03-02 13:19:43', 7624964751327),
(10580, 5, '2017-03-08 15:39:22', 2620229520909),
(10581, 5, '2017-03-05 16:06:54', 5518672596708),
(10582, 6, '2017-02-22 17:25:50', 113028306612),
(10583, 6, '2017-03-05 09:31:50', 284390864059),
(10584, 6, '2017-03-14 13:58:05', 5156179894742),
(10585, 6, '2017-03-11 11:25:25', 1278384649282),
(10586, 6, '2017-02-21 13:30:28', 5747824534816),
(10587, 6, '2017-03-16 14:06:14', 9521072832873),
(10588, 6, '2017-03-10 02:48:23', 2631515725589),
(10589, 6, '2017-03-06 03:50:21', 6212829831094),
(10590, 6, '2017-02-24 19:54:34', 1526148067872),
(10591, 6, '2017-03-12 00:29:05', 9718577554453),
(10592, 8, '2017-02-23 13:48:18', 3243196811594),
(10593, 8, '2017-02-26 04:50:53', 337993302479),
(10594, 8, '2017-03-16 04:16:15', 3675708011787),
(10595, 8, '2017-02-24 00:56:39', 8008456919362),
(10596, 8, '2017-03-08 23:56:00', 1513282922181),
(10597, 8, '2017-03-07 23:43:39', 1289000623015),
(10598, 8, '2017-03-19 00:39:55', 7273179465001),
(10599, 8, '2017-03-15 10:04:26', 967087564149),
(10600, 8, '2017-03-11 15:24:19', 8898704471078),
(10601, 8, '2017-02-28 15:49:24', 6336937914639),
(10602, 8, '2017-03-06 20:30:28', 7417033473056),
(10603, 8, '2017-03-02 15:48:21', 5768213993912),
(10604, 8, '2017-03-10 01:34:17', 6873762314239),
(10605, 8, '2017-03-08 06:19:09', 6872965046236),
(10606, 8, '2017-02-23 11:46:40', 5920193968382),
(10607, 8, '2017-03-10 04:23:09', 2262621000486),
(10608, 8, '2017-03-05 07:02:24', 1527133439752),
(10609, 8, '2017-03-10 01:16:14', 7242194758756),
(10610, 8, '2017-03-12 10:49:32', 5202826787766),
(10611, 8, '2017-02-23 02:42:49', 7611134215282),
(10612, 8, '2017-03-09 11:51:53', 9011580827656),
(10613, 8, '2017-03-01 07:05:08', 4757940373436),
(10614, 8, '2017-03-01 12:12:20', 9693342242393),
(10615, 8, '2017-02-26 16:07:11', 4574429169351),
(10616, 8, '2017-03-09 20:38:44', 6283808685876),
(10617, 8, '2017-02-28 19:45:19', 3487089504553),
(10618, 8, '2017-03-14 01:41:25', 552857085225),
(10619, 8, '2017-02-26 22:06:59', 806593843827),
(10620, 8, '2017-03-06 07:42:19', 29276958766),
(10621, 8, '2017-03-01 06:07:34', 214510490284),
(10622, 8, '2017-03-19 03:00:11', 3263984019935),
(10623, 8, '2017-03-02 03:05:03', 5046891504948),
(10624, 2, '2017-03-29 10:29:11', 1477846116844),
(10625, 2, '2017-03-29 19:15:57', 562328458858),
(10626, 2, '2017-04-08 11:38:51', 9675469743092),
(10627, 2, '2017-03-25 09:49:46', 2155171362761),
(10628, 2, '2017-03-25 01:25:05', 6971263741174),
(10629, 2, '2017-03-27 23:48:35', 2249681982289),
(10630, 2, '2017-03-25 16:17:08', 1791050057009),
(10631, 2, '2017-03-22 15:14:47', 1269740555522),
(10632, 2, '2017-04-07 16:55:49', 2713096048756),
(10633, 2, '2017-03-25 07:45:06', 6639127368141),
(10634, 2, '2017-04-02 10:19:22', 1214247141121),
(10635, 2, '2017-04-18 17:38:15', 5597463124476),
(10636, 2, '2017-04-05 12:05:09', 5284059080342),
(10637, 2, '2017-04-19 06:01:32', 5689417384608),
(10638, 2, '2017-04-15 07:49:42', 4190173926821),
(10639, 2, '2017-04-05 11:44:06', 7204200583538),
(10640, 2, '2017-04-03 01:21:49', 8367173080349),
(10641, 2, '2017-03-31 08:30:22', 1127786957747),
(10642, 2, '2017-04-11 12:00:57', 9772227150391),
(10643, 2, '2017-03-22 08:30:15', 9716449603442),
(10644, 2, '2017-03-28 11:00:03', 8665229203193),
(10645, 2, '2017-04-08 13:37:23', 4111518720224),
(10646, 2, '2017-04-06 02:02:01', 1160713997758),
(10647, 2, '2017-04-15 07:46:10', 7833543494366),
(10648, 2, '2017-04-11 19:52:51', 8995589627895),
(10649, 2, '2017-04-09 19:26:34', 4076316347405),
(10650, 2, '2017-03-19 19:26:56', 7509342776637),
(10651, 2, '2017-04-08 13:05:44', 5775026562666),
(10652, 2, '2017-03-22 22:50:39', 5333916582214),
(10653, 2, '2017-04-01 19:04:09', 3064841781812),
(10654, 2, '2017-03-24 02:47:42', 5890506538604),
(10655, 2, '2017-04-01 22:24:06', 8326908997277),
(10656, 2, '2017-04-16 07:39:41', 608946639207),
(10657, 2, '2017-03-30 05:58:59', 316598145388),
(10658, 2, '2017-04-14 12:54:28', 5445647737988),
(10659, 2, '2017-04-13 17:43:51', 2732666730953),
(10660, 2, '2017-04-12 04:55:00', 2700954293905),
(10661, 2, '2017-04-02 11:27:33', 4921489870226),
(10662, 2, '2017-04-09 01:53:20', 5535936490677),
(10663, 2, '2017-04-07 05:41:16', 496348147375),
(10664, 2, '2017-04-14 18:18:22', 7388455960926),
(10665, 2, '2017-04-01 10:34:48', 6914115054564),
(10666, 2, '2017-04-05 22:05:15', 5027360399303),
(10667, 2, '2017-04-07 17:41:06', 5455818004020),
(10668, 2, '2017-04-17 16:05:49', 9111931114467),
(10669, 2, '2017-04-09 08:47:33', 149842151539),
(10670, 2, '2017-03-27 02:09:52', 1671566208907),
(10671, 2, '2017-04-07 13:52:51', 9505007718695),
(10672, 2, '2017-03-24 16:03:48', 8843167526659),
(10673, 2, '2017-04-08 22:43:21', 1897575743577),
(10674, 2, '2017-03-30 03:53:03', 2876184419800),
(10675, 2, '2017-04-03 22:50:35', 7640354656638),
(10676, 2, '2017-03-31 06:00:41', 6688894182477),
(10677, 2, '2017-03-22 22:22:37', 6319261696227),
(10678, 2, '2017-04-14 22:51:08', 118459556350),
(10679, 2, '2017-04-15 14:48:30', 6238301596642),
(10680, 2, '2017-03-27 07:58:08', 8267391691933),
(10681, 2, '2017-03-26 07:46:50', 6090830951037),
(10682, 2, '2017-04-17 23:37:49', 6383351422883),
(10683, 2, '2017-04-17 10:21:05', 2042359560807),
(10684, 2, '2017-04-05 08:41:15', 7316986518008),
(10685, 2, '2017-03-21 16:06:33', 990921906285),
(10686, 2, '2017-04-01 02:25:41', 7431295299928),
(10687, 2, '2017-03-22 07:20:26', 2959342682804),
(10688, 2, '2017-04-18 02:07:47', 3131818599136),
(10689, 2, '2017-03-31 02:28:21', 4776520649955),
(10690, 2, '2017-03-21 13:13:49', 6352998511902),
(10691, 2, '2017-04-05 07:47:59', 1309789125894),
(10692, 2, '2017-04-11 02:46:05', 3410957981898),
(10693, 2, '2017-04-15 04:58:13', 7602052916797),
(10694, 2, '2017-03-23 15:12:35', 3001435198891),
(10695, 2, '2017-04-18 11:06:10', 8481541834787),
(10696, 2, '2017-03-28 18:38:31', 5310754077556),
(10697, 2, '2017-03-23 14:27:34', 4229453881329),
(10698, 2, '2017-04-19 14:22:52', 9478845680138),
(10699, 2, '2017-03-30 12:19:34', 3962098183171),
(10700, 2, '2017-04-01 07:56:46', 7594832316997),
(10701, 2, '2017-03-30 10:23:52', 6382649182378),
(10702, 2, '2017-03-27 12:55:24', 6050189677665),
(10703, 2, '2017-03-29 14:47:02', 2612211727611),
(10704, 2, '2017-03-26 00:02:13', 920622679495),
(10705, 2, '2017-04-01 00:00:34', 6987667977840),
(10706, 2, '2017-03-30 02:10:54', 6821628827634),
(10707, 2, '2017-03-30 07:35:55', 7226771875313),
(10708, 2, '2017-04-10 06:23:26', 9912998923102),
(10709, 2, '2017-04-02 19:24:50', 2382763135323),
(10710, 2, '2017-03-29 13:50:59', 2030626894054),
(10711, 2, '2017-04-06 09:52:57', 8796046911751),
(10712, 2, '2017-04-04 07:19:51', 1926859645253),
(10713, 2, '2017-03-25 03:27:33', 4866124298475),
(10714, 2, '2017-04-15 18:07:24', 5705066025300),
(10715, 2, '2017-04-14 23:58:41', 8026009062325),
(10716, 2, '2017-03-25 01:13:14', 5731869377239),
(10717, 2, '2017-03-20 16:11:57', 8866401324060),
(10718, 2, '2017-04-05 21:32:53', 4195234892017),
(10719, 2, '2017-03-30 21:49:39', 4492671657409),
(10720, 2, '2017-04-09 08:50:52', 7918772287688),
(10721, 2, '2017-04-05 04:00:17', 4217279497592),
(10722, 3, '2017-03-22 10:35:33', 7549268691825),
(10723, 3, '2017-03-29 14:32:31', 2974931499991),
(10724, 3, '2017-04-15 19:41:37', 7205394716030),
(10725, 3, '2017-04-04 19:21:22', 7561231479073),
(10726, 3, '2017-04-02 15:37:51', 6105901356826),
(10727, 3, '2017-03-30 10:15:27', 6362063060551),
(10728, 3, '2017-04-05 11:04:55', 8487670482152),
(10729, 3, '2017-04-13 21:16:16', 4218543539813),
(10730, 3, '2017-04-06 23:40:57', 1224977676844),
(10731, 3, '2017-04-01 19:31:41', 3402035874380),
(10732, 3, '2017-04-01 10:33:49', 8711749305962),
(10733, 3, '2017-04-01 20:16:47', 17589740554),
(10734, 3, '2017-04-09 02:00:38', 8297427445667),
(10735, 3, '2017-04-09 06:56:25', 8474987810493),
(10736, 3, '2017-04-09 11:50:39', 8565536071561),
(10737, 3, '2017-04-17 00:56:34', 206138072633),
(10738, 3, '2017-04-15 00:07:10', 7789212651573),
(10739, 3, '2017-04-03 03:33:34', 7336377790225),
(10740, 3, '2017-04-14 15:18:18', 9524348331621),
(10741, 3, '2017-03-21 08:33:56', 6917714974874),
(10742, 3, '2017-03-22 23:46:12', 68440963613),
(10743, 3, '2017-04-08 15:39:09', 4439063090887),
(10744, 4, '2017-04-02 02:44:59', 6247474872545),
(10745, 4, '2017-03-29 11:21:35', 9300945457078),
(10746, 4, '2017-04-09 10:31:24', 2765465034244),
(10747, 4, '2017-03-29 08:59:04', 8075991268289),
(10748, 4, '2017-03-28 16:39:51', 4572806609849),
(10749, 4, '2017-04-16 02:52:22', 7185680815047),
(10750, 4, '2017-04-13 20:44:56', 7780493963532),
(10751, 4, '2017-03-27 18:00:44', 304039991557),
(10752, 4, '2017-03-21 17:46:33', 9479875201365),
(10753, 4, '2017-04-10 12:21:42', 5375406108843),
(10754, 4, '2017-04-01 01:23:06', 3934055212946),
(10755, 4, '2017-03-26 07:20:17', 948148565457),
(10756, 4, '2017-04-06 10:04:11', 3425386990486),
(10757, 4, '2017-04-09 10:49:55', 3197111412951),
(10758, 4, '2017-03-19 21:29:28', 6861926917950),
(10759, 4, '2017-03-31 23:28:36', 7319336230894),
(10760, 4, '2017-04-06 21:25:17', 5626103552102),
(10761, 4, '2017-04-18 14:47:36', 3236982515149),
(10762, 4, '2017-04-13 03:02:40', 7301888903630),
(10763, 4, '2017-04-17 17:59:38', 2604469335712),
(10764, 4, '2017-03-22 02:36:12', 9079002654190),
(10765, 4, '2017-03-30 21:20:11', 535224168656),
(10766, 4, '2017-04-06 23:25:25', 3489415878495),
(10767, 4, '2017-03-28 08:48:03', 4127382254287),
(10768, 4, '2017-03-29 06:08:23', 5492644603409),
(10769, 4, '2017-03-21 16:46:45', 9155385042550),
(10770, 4, '2017-04-14 03:44:14', 9617412653756),
(10771, 4, '2017-04-16 17:07:45', 5816112575163),
(10772, 4, '2017-04-13 04:07:01', 5431353338108),
(10773, 4, '2017-03-23 16:33:48', 7656583525264),
(10774, 4, '2017-03-24 19:33:50', 6626423066516),
(10775, 4, '2017-04-04 14:38:33', 8605897077374),
(10776, 4, '2017-03-24 14:18:08', 8478016532042),
(10777, 4, '2017-03-30 12:40:00', 9885975355284),
(10778, 4, '2017-04-11 10:11:04', 4684252049827),
(10779, 4, '2017-04-05 21:25:40', 3371670423142),
(10780, 4, '2017-04-17 18:23:43', 2547299107611),
(10781, 4, '2017-03-22 12:09:30', 5494500044778),
(10782, 4, '2017-03-30 12:56:41', 7224282878479),
(10783, 4, '2017-03-21 17:24:27', 3531738300872),
(10784, 4, '2017-03-22 19:15:38', 5263904966461),
(10785, 4, '2017-03-20 21:33:22', 9506716136826),
(10786, 4, '2017-04-08 05:46:12', 137604219006),
(10787, 4, '2017-03-22 06:37:09', 9710709494542),
(10788, 4, '2017-03-27 02:38:31', 4973304718783),
(10789, 4, '2017-03-30 06:42:55', 9550904221838),
(10790, 4, '2017-04-16 11:53:10', 4410457429532),
(10791, 4, '2017-04-17 14:07:28', 7270101434579),
(10792, 4, '2017-03-28 21:50:04', 7409532219198),
(10793, 4, '2017-03-26 16:37:55', 2419024049380),
(10794, 4, '2017-03-21 00:42:13', 7695681280480),
(10795, 4, '2017-04-18 01:11:08', 2348521933967),
(10796, 4, '2017-03-28 08:26:22', 867966092283),
(10797, 4, '2017-04-01 03:31:43', 7865643356948),
(10798, 4, '2017-04-01 17:22:28', 5089893182789),
(10799, 4, '2017-03-23 16:11:03', 9727079742591),
(10800, 4, '2017-03-22 00:02:08', 2596468115299),
(10801, 4, '2017-04-18 10:26:26', 4458198938574),
(10802, 4, '2017-03-25 08:58:38', 1631697360510),
(10803, 4, '2017-04-10 03:24:47', 1971947588107),
(10804, 4, '2017-04-15 10:45:49', 2667596647589),
(10805, 4, '2017-04-13 19:59:51', 502919848172),
(10806, 4, '2017-04-15 11:37:20', 1521842028099),
(10807, 4, '2017-04-16 21:03:25', 2012779996810),
(10808, 4, '2017-03-30 22:56:56', 2339122532943),
(10809, 4, '2017-04-02 10:42:54', 1698556160637),
(10810, 4, '2017-03-27 19:34:13', 3088572723860),
(10811, 4, '2017-03-30 10:01:57', 7442918624755),
(10812, 4, '2017-04-03 14:29:35', 5963763631921),
(10813, 4, '2017-04-16 11:22:18', 8603340848363),
(10814, 4, '2017-04-03 17:10:12', 3140774471754),
(10815, 4, '2017-03-27 07:18:03', 1929391790262),
(10816, 4, '2017-04-04 07:36:41', 4864427340268),
(10817, 4, '2017-03-30 18:21:39', 773512325341),
(10818, 4, '2017-04-06 21:55:09', 9943837169559),
(10819, 5, '2017-03-31 14:28:53', 767079843300),
(10820, 5, '2017-04-12 22:41:49', 7535189394864),
(10821, 5, '2017-03-26 11:44:02', 9357347064658),
(10822, 5, '2017-04-12 13:09:43', 4035462089874),
(10823, 5, '2017-04-03 12:38:04', 4098408599443),
(10824, 5, '2017-04-08 01:06:08', 7641844269843),
(10825, 5, '2017-03-27 11:46:49', 1727589001030),
(10826, 5, '2017-04-01 08:19:30', 7506016697760),
(10827, 5, '2017-04-11 01:43:42', 1011312343270),
(10828, 5, '2017-04-05 05:50:28', 2075990522359),
(10829, 5, '2017-04-11 12:23:58', 6585093315),
(10830, 5, '2017-04-11 17:24:55', 6666350751217),
(10831, 5, '2017-04-11 03:11:17', 936178574429),
(10832, 5, '2017-04-15 00:24:05', 1129001914612),
(10833, 5, '2017-03-29 21:59:35', 4300844315496),
(10834, 5, '2017-04-11 16:12:19', 2827542289232),
(10835, 5, '2017-04-15 03:55:18', 373366768568),
(10836, 5, '2017-04-09 22:03:47', 6225036159196),
(10837, 5, '2017-03-31 17:11:48', 2304854304606),
(10838, 5, '2017-04-08 04:39:01', 2542479056939),
(10839, 5, '2017-04-08 23:34:56', 3822018820854),
(10840, 5, '2017-03-28 05:23:27', 7721239086264),
(10841, 5, '2017-04-14 16:27:46', 6088570817413),
(10842, 5, '2017-04-07 01:10:45', 3228070545078),
(10843, 5, '2017-04-16 02:44:15', 8757853293804),
(10844, 5, '2017-04-05 21:10:13', 9584395363932),
(10845, 5, '2017-04-03 09:36:44', 4983960124714),
(10846, 5, '2017-04-03 00:21:01', 863145273270),
(10847, 5, '2017-03-27 23:11:47', 9794398997913),
(10848, 5, '2017-04-19 14:44:55', 5824276465033),
(10849, 5, '2017-04-09 08:52:16', 2340496527107),
(10850, 5, '2017-04-05 06:16:25', 6693378700908),
(10851, 5, '2017-03-31 05:21:09', 8361494969593),
(10852, 5, '2017-04-05 03:08:43', 2728768107554),
(10853, 5, '2017-03-28 20:49:23', 9978526001797),
(10854, 5, '2017-04-14 01:49:18', 3627343904291),
(10855, 5, '2017-03-19 17:27:28', 6696648825925),
(10856, 5, '2017-04-01 14:53:28', 1952765323302),
(10857, 5, '2017-03-22 13:17:21', 9700748254548),
(10858, 5, '2017-04-02 05:01:07', 8594252238996),
(10859, 5, '2017-03-27 07:39:32', 7396098077323),
(10860, 5, '2017-04-05 14:20:13', 2003798233425),
(10861, 5, '2017-03-29 22:27:40', 760602336469),
(10862, 5, '2017-04-18 11:13:04', 1490746284920),
(10863, 5, '2017-04-18 10:14:39', 6572350589593),
(10864, 5, '2017-04-04 09:55:21', 9432713850407),
(10865, 5, '2017-03-27 00:38:42', 8924228101980),
(10866, 5, '2017-04-18 08:25:09', 2909312960762),
(10867, 5, '2017-03-21 23:02:48', 3005529358121),
(10868, 5, '2017-03-30 06:06:20', 8189855008404),
(10869, 5, '2017-04-10 08:25:11', 9956033471973),
(10870, 5, '2017-03-30 11:39:42', 3404359049230),
(10871, 5, '2017-04-07 19:10:15', 258204569206),
(10872, 5, '2017-04-07 22:27:17', 9355302411138),
(10873, 5, '2017-04-03 13:34:00', 8911181348387),
(10874, 5, '2017-04-09 03:25:08', 3696444910083),
(10875, 5, '2017-03-26 23:33:38', 1268879263749),
(10876, 5, '2017-03-28 06:41:57', 1678397432053),
(10877, 5, '2017-04-08 21:46:37', 4796056235261),
(10878, 5, '2017-04-01 21:00:39', 1496946462515),
(10879, 5, '2017-03-20 18:06:19', 445793820640),
(10880, 5, '2017-03-23 13:57:59', 6280146124810),
(10881, 5, '2017-04-03 12:21:10', 9353205603554),
(10882, 5, '2017-03-28 12:14:31', 9244872755379),
(10883, 5, '2017-04-17 04:38:53', 5494846869305),
(10884, 5, '2017-04-12 12:35:18', 1361828688618),
(10885, 5, '2017-04-08 22:00:23', 4858817057735),
(10886, 5, '2017-04-09 09:58:49', 5185848553713),
(10887, 5, '2017-04-17 12:50:52', 1313915099104),
(10888, 5, '2017-04-06 08:43:55', 4911030177078),
(10889, 5, '2017-04-03 09:57:18', 3707886976253),
(10890, 5, '2017-03-31 09:30:40', 5677309366918),
(10891, 5, '2017-04-09 03:30:20', 7737005180702),
(10892, 5, '2017-04-17 00:52:22', 2464763182290),
(10893, 5, '2017-03-26 21:54:27', 5364566394174),
(10894, 5, '2017-03-21 10:49:51', 1614784905770),
(10895, 5, '2017-04-04 18:56:23', 8180403625611),
(10896, 5, '2017-03-24 01:13:06', 8317772266472),
(10897, 6, '2017-04-16 18:56:56', 7728528282628),
(10898, 6, '2017-04-13 05:23:19', 2249160921278),
(10899, 6, '2017-03-25 15:50:09', 9684504279870),
(10900, 6, '2017-03-27 02:07:11', 3778857281494),
(10901, 6, '2017-04-14 21:10:08', 3028222373756),
(10902, 6, '2017-04-09 10:39:13', 5349126332486),
(10903, 6, '2017-04-16 06:48:32', 6562094911967),
(10904, 6, '2017-03-25 07:31:42', 1471633920531),
(10905, 6, '2017-03-27 23:38:31', 1626947824927),
(10906, 6, '2017-04-03 01:23:02', 3117122575709),
(10907, 6, '2017-04-12 08:42:09', 7672495706962),
(10908, 6, '2017-03-21 23:00:21', 4517764179091),
(10909, 6, '2017-03-24 18:24:26', 9860976915808),
(10910, 6, '2017-03-29 03:14:14', 5139815500055),
(10911, 6, '2017-04-16 16:48:02', 9680008841682),
(10912, 6, '2017-04-14 03:31:00', 5769554479090),
(10913, 6, '2017-04-14 08:59:42', 4371681390386),
(10914, 6, '2017-04-16 08:17:03', 3157389028997),
(10915, 6, '2017-03-29 19:57:52', 1418026108380),
(10916, 6, '2017-04-03 19:07:24', 7034254348867),
(10917, 6, '2017-03-24 01:20:03', 9545336877932),
(10918, 6, '2017-03-26 12:41:11', 6409899373575),
(10919, 6, '2017-04-03 07:57:06', 6092359107027),
(10920, 6, '2017-04-09 17:45:42', 4306718139035),
(10921, 6, '2017-04-17 05:49:35', 864458922388),
(10922, 6, '2017-04-06 01:43:10', 2571173338294),
(10923, 6, '2017-04-14 13:32:41', 356157701558),
(10924, 6, '2017-03-31 03:36:33', 6291247601658),
(10925, 6, '2017-04-06 22:19:01', 1233429350046),
(10926, 6, '2017-03-22 09:45:16', 7753510535717),
(10927, 6, '2017-04-15 15:21:59', 2934490749683),
(10928, 6, '2017-03-25 23:38:33', 3303754162110),
(10929, 6, '2017-04-05 15:42:57', 6281410488337),
(10930, 6, '2017-03-29 20:01:54', 1251777233643),
(10931, 6, '2017-04-03 15:36:11', 739227617252),
(10932, 6, '2017-04-10 23:41:07', 3497400251282),
(10933, 6, '2017-04-15 10:04:41', 4698192710110),
(10934, 6, '2017-04-09 03:27:02', 7716066269227),
(10935, 8, '2017-03-19 18:03:50', 1652030111374),
(10936, 8, '2017-04-13 01:39:42', 2586790160350),
(10937, 8, '2017-04-09 23:00:11', 278500453666),
(10938, 8, '2017-03-22 10:22:35', 7329307175268),
(10939, 8, '2017-03-29 08:01:16', 6787879536892),
(10940, 8, '2017-04-13 05:46:16', 1859432016580),
(10941, 8, '2017-04-04 11:11:37', 3597461935197),
(10942, 8, '2017-04-12 10:17:03', 3851923318641),
(10943, 8, '2017-04-06 20:26:56', 6745734871398),
(10944, 8, '2017-04-03 19:21:38', 9010313204500),
(10945, 8, '2017-03-22 17:45:31', 473176799809),
(10946, 8, '2017-03-27 02:22:53', 7083395235270),
(10947, 8, '2017-04-02 19:08:37', 4829108049213),
(10948, 8, '2017-03-24 10:12:19', 9194656955087),
(10949, 8, '2017-04-05 05:54:57', 3144619921291),
(10950, 8, '2017-03-19 21:28:27', 7089231982857),
(10951, 8, '2017-03-23 02:33:26', 7508401470284),
(10952, 8, '2017-04-18 04:42:22', 9303351580173),
(10953, 8, '2017-04-12 06:21:57', 9199752933354),
(10954, 8, '2017-04-03 19:05:21', 5359253929974),
(10955, 8, '2017-03-28 13:07:49', 7154348404175),
(10956, 8, '2017-03-31 03:59:47', 8719432065277),
(10957, 8, '2017-04-06 01:29:29', 6035529589320),
(10958, 8, '2017-04-10 14:44:18', 9124737181710),
(10959, 8, '2017-04-19 07:10:50', 1923677371895),
(10960, 8, '2017-03-31 05:33:50', 8770752111463),
(10961, 8, '2017-04-09 23:49:32', 4080855436682),
(10962, 8, '2017-04-18 09:25:19', 5703897248065),
(10963, 8, '2017-04-11 09:15:30', 7676083217398),
(10964, 8, '2017-04-05 07:19:56', 6072723036671),
(10965, 8, '2017-04-05 03:41:42', 7788945813686),
(10966, 8, '2017-03-31 15:22:12', 7952002086697),
(10967, 8, '2017-03-29 16:30:30', 8888865103957),
(10968, 8, '2017-03-22 05:54:19', 3869424685897),
(10969, 8, '2017-03-29 00:50:36', 3198107071289),
(10970, 8, '2017-04-05 05:08:21', 4636323321664),
(10971, 8, '2017-04-11 19:28:29', 1925639254121),
(10972, 8, '2017-03-20 16:05:09', 7365638953660),
(10973, 8, '2017-04-13 02:27:47', 7875587469920),
(10974, 8, '2017-04-08 06:58:02', 48489500868),
(10975, 8, '2017-04-09 04:09:30', 7021560091555),
(10976, 8, '2017-04-16 14:00:07', 789963957014),
(10977, 8, '2017-03-29 12:10:11', 4451304078158),
(10978, 8, '2017-04-11 06:13:12', 868255221376),
(10979, 8, '2017-04-11 22:53:38', 177466161647),
(10980, 8, '2017-04-11 14:28:16', 7821062020980),
(10981, 8, '2017-03-27 02:44:24', 669699246157),
(10982, 8, '2017-03-24 06:15:47', 3452811352974),
(10983, 8, '2017-04-06 22:02:38', 8001095429083),
(10984, 8, '2017-04-15 05:18:32', 2756542963979),
(10985, 8, '2017-04-17 00:11:21', 6487685139326),
(10986, 8, '2017-04-08 17:26:42', 4430293324459),
(10987, 8, '2017-04-09 17:13:11', 7982354229337),
(10988, 8, '2017-03-28 18:59:45', 111104627238),
(10989, 8, '2017-04-01 18:36:37', 6428317353165),
(10990, 8, '2017-04-09 21:32:37', 1337737361987),
(10991, 8, '2017-03-20 19:03:03', 6771187502923),
(10992, 8, '2017-04-17 13:52:18', 2581501570604),
(10993, 8, '2017-04-01 09:41:51', 8424396766366),
(10994, 8, '2017-03-23 18:38:37', 5093510304627),
(10995, 8, '2017-04-17 02:44:58', 891795675361),
(10996, 8, '2017-04-03 17:28:54', 8823105711502),
(10997, 8, '2017-03-26 10:36:49', 7995503321310),
(10998, 8, '2017-04-04 09:13:08', 2098579183300),
(10999, 8, '2017-03-30 00:08:29', 5204971260439),
(11000, 8, '2017-04-04 03:13:37', 3145056464778),
(11001, 8, '2017-03-27 17:54:28', 4816276519611),
(11002, 8, '2017-03-30 11:19:09', 9705328131098),
(11003, 8, '2017-04-16 16:48:22', 3964995713965),
(11004, 2, '2017-05-05 23:32:51', 6830537803503),
(11005, 2, '2017-05-11 10:51:54', 3862793836804),
(11006, 2, '2017-05-19 06:19:11', 6993626900979),
(11007, 2, '2017-05-08 00:15:02', 6267375052013),
(11008, 2, '2017-05-16 07:55:04', 7557920794959),
(11009, 2, '2017-05-01 10:02:33', 4195244368224),
(11010, 2, '2017-05-18 10:15:43', 6754388199220),
(11011, 2, '2017-05-19 06:41:11', 6094823493661),
(11012, 2, '2017-04-25 19:51:32', 663672434259),
(11013, 2, '2017-05-01 05:25:18', 7147487476497),
(11014, 2, '2017-05-17 19:50:03', 1369796265003),
(11015, 2, '2017-05-17 16:13:08', 7262558699613),
(11016, 2, '2017-04-20 06:28:50', 3308534491874),
(11017, 2, '2017-05-13 09:59:10', 9631552738142),
(11018, 2, '2017-05-17 03:15:29', 6975901927829),
(11019, 2, '2017-04-22 07:02:23', 4643406616577),
(11020, 2, '2017-05-07 22:24:48', 8609513333082),
(11021, 2, '2017-05-08 17:25:26', 363699481918),
(11022, 2, '2017-04-29 02:50:42', 483283992020),
(11023, 2, '2017-05-13 10:30:52', 2021892126729),
(11024, 2, '2017-04-25 00:26:11', 7321794200716),
(11025, 2, '2017-05-12 09:43:35', 5969695616554),
(11026, 2, '2017-04-24 00:43:46', 3518011355837),
(11027, 2, '2017-04-25 18:34:52', 2651200010514),
(11028, 2, '2017-04-20 09:44:00', 4999724305285),
(11029, 2, '2017-05-03 23:15:35', 1679803817616),
(11030, 2, '2017-05-12 09:55:53', 623265593406),
(11031, 2, '2017-05-10 15:29:17', 7883700220867),
(11032, 2, '2017-05-03 03:02:05', 2149835727256),
(11033, 2, '2017-05-03 10:36:37', 2046377672893),
(11034, 2, '2017-05-17 15:50:34', 9334472194321),
(11035, 2, '2017-05-05 09:18:26', 7387006781090),
(11036, 2, '2017-04-26 14:57:34', 6943867369586),
(11037, 2, '2017-05-11 13:03:39', 7432408127960),
(11038, 2, '2017-05-01 04:41:16', 5698379124558),
(11039, 3, '2017-05-11 02:20:06', 7168379458627),
(11040, 3, '2017-05-04 15:47:32', 5015487903779),
(11041, 3, '2017-04-27 02:46:48', 794900469574),
(11042, 3, '2017-05-04 01:07:49', 2659949739537),
(11043, 3, '2017-04-26 18:43:37', 2153257522810),
(11044, 3, '2017-05-12 03:50:00', 6454667644611),
(11045, 3, '2017-05-02 11:50:06', 5048750760083),
(11046, 3, '2017-04-26 09:38:53', 9015881069946),
(11047, 3, '2017-04-28 04:26:48', 1847000061616),
(11048, 3, '2017-05-14 04:39:47', 2936772983592),
(11049, 3, '2017-04-25 16:35:26', 7879855604864),
(11050, 3, '2017-05-18 18:33:21', 953902043492),
(11051, 3, '2017-04-27 11:03:25', 3720498867396),
(11052, 3, '2017-05-03 09:22:31', 7021378530219),
(11053, 3, '2017-05-14 02:35:16', 161129222349),
(11054, 3, '2017-04-20 00:19:12', 6442132671399),
(11055, 3, '2017-04-29 03:06:04', 9381283978007),
(11056, 3, '2017-04-23 16:33:21', 8304919288511),
(11057, 3, '2017-04-25 23:28:03', 1657783007332),
(11058, 3, '2017-04-24 14:11:23', 7442473261643),
(11059, 3, '2017-04-28 12:09:08', 9602507664826),
(11060, 3, '2017-05-17 22:31:27', 5136790997397),
(11061, 3, '2017-05-11 19:16:57', 6717322571236),
(11062, 3, '2017-05-14 20:30:36', 5322849862324),
(11063, 3, '2017-04-28 08:51:14', 4191572777985),
(11064, 3, '2017-05-05 10:27:29', 4272847734449),
(11065, 3, '2017-05-11 18:40:05', 3997760401167),
(11066, 3, '2017-04-27 13:54:19', 5800579558169),
(11067, 3, '2017-04-22 12:59:05', 947869550527),
(11068, 3, '2017-05-11 12:04:38', 7973449523581),
(11069, 3, '2017-05-08 06:53:10', 1604412067765),
(11070, 3, '2017-04-21 04:20:41', 724349427129),
(11071, 3, '2017-05-08 17:57:02', 5374125093268),
(11072, 3, '2017-05-13 07:01:44', 9227828443990),
(11073, 3, '2017-05-14 13:16:44', 5478838570461),
(11074, 3, '2017-05-13 23:34:54', 2977731730859),
(11075, 3, '2017-05-17 22:57:20', 4595952127183),
(11076, 3, '2017-05-03 19:44:31', 6987164174237),
(11077, 3, '2017-05-07 16:41:17', 3277000333250),
(11078, 3, '2017-05-09 08:04:44', 7937007667518),
(11079, 3, '2017-05-17 03:34:18', 155718843551);
INSERT INTO `traffic` (`id`, `user_id`, `date`, `bytes`) VALUES
(11080, 3, '2017-05-07 03:30:20', 1989430910987),
(11081, 3, '2017-04-28 01:36:58', 9052936760719),
(11082, 3, '2017-05-17 20:49:02', 222767330803),
(11083, 3, '2017-04-23 23:01:20', 6631291070987),
(11084, 3, '2017-05-04 18:57:08', 5445019695953),
(11085, 3, '2017-05-09 00:48:37', 3027341538178),
(11086, 3, '2017-05-18 13:36:58', 7702446794161),
(11087, 3, '2017-04-25 01:16:05', 6690567308139),
(11088, 3, '2017-04-26 23:05:57', 4012873540692),
(11089, 3, '2017-05-09 22:41:24', 5432124482513),
(11090, 3, '2017-05-11 15:54:07', 9166802708068),
(11091, 3, '2017-04-25 01:25:28', 9158096029432),
(11092, 3, '2017-05-06 13:01:54', 972092989922),
(11093, 3, '2017-05-16 23:35:40', 5418149447114),
(11094, 3, '2017-05-19 13:33:14', 375471427201),
(11095, 3, '2017-04-29 20:36:20', 3183662495644),
(11096, 3, '2017-05-14 16:25:03', 5509388707623),
(11097, 3, '2017-04-22 05:42:33', 1217552172108),
(11098, 3, '2017-05-14 23:24:37', 761187975387),
(11099, 3, '2017-05-02 18:08:53', 6349508720487),
(11100, 3, '2017-05-09 01:23:59', 3929029903435),
(11101, 3, '2017-04-29 01:25:48', 5942998481955),
(11102, 3, '2017-05-18 07:13:49', 4690519552731),
(11103, 3, '2017-04-20 00:21:07', 2656507282591),
(11104, 3, '2017-05-12 14:29:31', 9819472688253),
(11105, 3, '2017-04-30 12:46:51', 6570371226442),
(11106, 3, '2017-05-15 08:00:02', 7775580035545),
(11107, 3, '2017-05-12 23:43:22', 3146749353105),
(11108, 3, '2017-05-09 05:10:10', 3989533791379),
(11109, 3, '2017-05-03 14:34:31', 9498756933031),
(11110, 3, '2017-05-14 13:11:11', 905066980140),
(11111, 3, '2017-04-30 13:46:02', 7420966862727),
(11112, 3, '2017-04-24 03:03:43', 6795437531578),
(11113, 3, '2017-04-24 13:49:49', 8176137791034),
(11114, 3, '2017-05-14 20:58:31', 6496117976529),
(11115, 3, '2017-04-22 11:21:21', 7937543010360),
(11116, 3, '2017-04-19 22:30:05', 3574018040736),
(11117, 3, '2017-05-01 01:29:47', 7359817591522),
(11118, 3, '2017-05-13 12:35:35', 4748346624017),
(11119, 3, '2017-04-22 22:21:19', 8658737069941),
(11120, 3, '2017-04-27 18:21:22', 9547302857978),
(11121, 3, '2017-04-24 13:29:38', 8922700658452),
(11122, 3, '2017-04-28 12:52:42', 4021140094906),
(11123, 4, '2017-05-02 16:48:37', 394721413127),
(11124, 4, '2017-05-13 04:13:07', 9674034020867),
(11125, 4, '2017-05-10 03:45:13', 4152249470412),
(11126, 4, '2017-05-14 05:32:16', 4732748242148),
(11127, 4, '2017-04-25 19:28:51', 3660734309878),
(11128, 4, '2017-04-29 09:39:28', 791664007211),
(11129, 4, '2017-04-26 02:59:12', 2879229676981),
(11130, 4, '2017-05-18 21:10:50', 5922196693759),
(11131, 4, '2017-04-25 11:33:54', 8969112248171),
(11132, 4, '2017-04-27 00:05:35', 7468927972976),
(11133, 4, '2017-04-27 08:44:42', 7038396257006),
(11134, 4, '2017-04-26 09:09:03', 9104727283130),
(11135, 4, '2017-05-11 13:14:19', 9628546047029),
(11136, 4, '2017-04-24 08:36:41', 6313921543807),
(11137, 4, '2017-04-25 19:38:21', 7619899464795),
(11138, 4, '2017-05-10 01:35:38', 5886771809351),
(11139, 4, '2017-05-12 04:34:14', 8233362417686),
(11140, 4, '2017-04-29 16:20:37', 3251226944916),
(11141, 4, '2017-05-01 02:21:35', 6255480279252),
(11142, 4, '2017-05-13 16:23:24', 8174399393629),
(11143, 4, '2017-04-27 12:55:49', 975252050065),
(11144, 4, '2017-04-20 18:43:51', 8070645993595),
(11145, 4, '2017-04-23 17:38:40', 5461375825153),
(11146, 4, '2017-05-01 07:50:07', 3407267588257),
(11147, 4, '2017-05-11 00:32:06', 8073748732005),
(11148, 4, '2017-05-01 08:54:59', 5218957020018),
(11149, 4, '2017-05-06 06:30:38', 5833143801470),
(11150, 4, '2017-05-16 06:01:41', 1915050591423),
(11151, 4, '2017-05-15 06:10:47', 5308129964443),
(11152, 4, '2017-05-03 10:36:35', 8795363418770),
(11153, 4, '2017-05-07 12:55:46', 7481466173220),
(11154, 4, '2017-04-27 08:37:25', 9940190790222),
(11155, 4, '2017-04-22 14:31:51', 3681848221522),
(11156, 4, '2017-05-02 09:19:17', 4452684777844),
(11157, 4, '2017-05-18 13:21:09', 3499140539271),
(11158, 4, '2017-04-25 12:28:16', 8426012340949),
(11159, 4, '2017-05-08 11:53:08', 5310275116982),
(11160, 4, '2017-04-22 05:36:40', 7036569938093),
(11161, 4, '2017-05-13 04:39:36', 8741020057363),
(11162, 4, '2017-04-23 12:00:04', 8341465648281),
(11163, 4, '2017-05-01 05:58:14', 1847904543474),
(11164, 4, '2017-05-16 13:02:41', 6981626981900),
(11165, 4, '2017-04-21 00:03:24', 4143460951804),
(11166, 4, '2017-05-06 23:55:47', 722085572872),
(11167, 4, '2017-04-26 13:09:51', 1486484306018),
(11168, 4, '2017-05-10 21:08:07', 4146348489507),
(11169, 4, '2017-05-06 05:21:35', 7089592292934),
(11170, 4, '2017-05-16 16:26:49', 2294775685372),
(11171, 4, '2017-05-15 14:29:05', 3129116189735),
(11172, 4, '2017-04-29 02:23:35', 9179638777868),
(11173, 4, '2017-04-21 13:15:46', 6036544274578),
(11174, 5, '2017-05-04 01:32:55', 9525832757359),
(11175, 5, '2017-05-10 04:40:05', 1694121016272),
(11176, 5, '2017-05-10 11:48:40', 1667294828304),
(11177, 5, '2017-04-22 04:21:56', 8906960268516),
(11178, 5, '2017-04-22 09:42:02', 6442747367582),
(11179, 5, '2017-04-19 15:52:05', 6556969438714),
(11180, 5, '2017-05-10 17:13:20', 2933295648615),
(11181, 5, '2017-05-07 17:12:22', 9068877012479),
(11182, 5, '2017-05-06 02:18:34', 4847290758095),
(11183, 5, '2017-05-08 15:06:29', 9052677284936),
(11184, 5, '2017-05-11 23:41:10', 7998103457523),
(11185, 5, '2017-05-17 22:54:23', 7462232802089),
(11186, 5, '2017-05-18 11:55:26', 2580859027877),
(11187, 5, '2017-04-25 10:39:11', 2631398458107),
(11188, 5, '2017-05-05 12:37:17', 1741198049940),
(11189, 5, '2017-05-01 03:08:36', 2553832144551),
(11190, 5, '2017-05-02 05:16:45', 3196849641458),
(11191, 5, '2017-05-06 06:34:00', 7879053112141),
(11192, 5, '2017-05-11 16:29:25', 3952725017504),
(11193, 5, '2017-04-29 08:37:42', 6637581316788),
(11194, 5, '2017-05-09 20:23:40', 4047656194366),
(11195, 6, '2017-04-24 08:05:58', 6693305671248),
(11196, 6, '2017-05-12 07:46:16', 4287296538298),
(11197, 6, '2017-05-18 06:58:38', 7561324264),
(11198, 6, '2017-04-28 15:13:36', 1553689246150),
(11199, 6, '2017-04-26 18:39:20', 3418930419786),
(11200, 6, '2017-04-30 22:00:17', 2931543081138),
(11201, 6, '2017-05-01 11:25:28', 6967412880652),
(11202, 6, '2017-05-07 02:58:04', 1329543218103),
(11203, 6, '2017-05-07 04:47:32', 6572055420873),
(11204, 6, '2017-04-23 02:46:37', 8886800548073),
(11205, 6, '2017-05-09 21:00:05', 2976622004132),
(11206, 6, '2017-05-04 16:31:44', 6860766708882),
(11207, 6, '2017-05-19 09:57:59', 5376510839024),
(11208, 6, '2017-05-07 22:31:52', 1012293547481),
(11209, 6, '2017-04-21 17:15:56', 71885110909),
(11210, 6, '2017-05-19 02:06:26', 5458863694266),
(11211, 6, '2017-05-10 03:34:05', 4646680895293),
(11212, 6, '2017-05-03 13:10:06', 6031285948160),
(11213, 6, '2017-04-21 15:54:32', 627972618770),
(11214, 6, '2017-04-26 01:46:24', 4388429904413),
(11215, 6, '2017-05-15 16:40:02', 2210510941300),
(11216, 6, '2017-05-05 10:58:51', 5221473514150),
(11217, 6, '2017-04-29 01:18:18', 1608501235107),
(11218, 6, '2017-05-04 05:01:11', 1483797594058),
(11219, 6, '2017-04-25 00:55:25', 5191282653298),
(11220, 6, '2017-05-08 10:48:55', 2150068078268),
(11221, 6, '2017-04-20 02:54:49', 944071742796),
(11222, 6, '2017-04-29 18:47:12', 6157880933063),
(11223, 6, '2017-05-05 20:29:11', 5568959279962),
(11224, 6, '2017-05-09 20:20:58', 5536256735258),
(11225, 6, '2017-04-22 22:33:03', 7040136437893),
(11226, 6, '2017-04-26 23:24:42', 8290836936812),
(11227, 6, '2017-05-07 09:27:00', 7271497622160),
(11228, 6, '2017-04-23 04:26:09', 9611942847264),
(11229, 6, '2017-05-13 04:45:30', 3629646180261),
(11230, 6, '2017-04-25 12:39:47', 2372872950585),
(11231, 6, '2017-04-23 21:05:31', 2590167755335),
(11232, 6, '2017-04-30 18:39:43', 9152715462269),
(11233, 6, '2017-04-22 02:31:15', 4453254258316),
(11234, 6, '2017-05-04 10:41:56', 2823001011346),
(11235, 6, '2017-05-02 04:59:49', 6231749039181),
(11236, 6, '2017-05-05 13:43:49', 916761616335),
(11237, 6, '2017-04-22 09:09:15', 338344322614),
(11238, 8, '2017-04-26 11:59:55', 4237939682847),
(11239, 8, '2017-05-10 17:04:17', 1604080144400),
(11240, 8, '2017-04-23 01:07:16', 2950153774652),
(11241, 8, '2017-05-18 23:03:44', 7854181677125),
(11242, 8, '2017-05-07 02:16:36', 1954153031191),
(11243, 8, '2017-05-05 17:09:12', 3289698562652),
(11244, 8, '2017-05-18 00:54:03', 1055536880247),
(11245, 8, '2017-04-22 05:25:32', 1086905351929),
(11246, 8, '2017-04-28 12:19:04', 8707125959931),
(11247, 8, '2017-05-05 05:20:20', 1936164018778),
(11248, 8, '2017-04-28 14:56:30', 5692179603545),
(11249, 8, '2017-04-24 11:51:57', 3672020980220),
(11250, 8, '2017-04-27 03:16:23', 7962463353781),
(11251, 8, '2017-05-01 00:18:56', 5875729112927),
(11252, 8, '2017-05-08 03:13:51', 3623618213523),
(11253, 8, '2017-05-02 17:18:56', 475068050531),
(11254, 8, '2017-05-06 09:37:09', 2730528581960),
(11255, 8, '2017-05-12 05:52:00', 5076811756057),
(11256, 8, '2017-05-13 17:48:49', 358404559179),
(11257, 8, '2017-05-12 12:10:15', 2341099712143),
(11258, 8, '2017-05-07 04:58:26', 8439027066358),
(11259, 8, '2017-04-21 00:40:59', 8843036927295),
(11260, 8, '2017-05-07 13:44:14', 2385970610270),
(11261, 8, '2017-05-15 01:25:45', 7596080116952),
(11262, 8, '2017-05-11 17:33:37', 6876283995839),
(11263, 8, '2017-04-27 16:20:13', 4211385697184),
(11264, 8, '2017-05-17 22:29:00', 5254544927786),
(11265, 8, '2017-05-12 21:08:17', 6545520406251),
(11266, 8, '2017-04-28 00:13:19', 2047912534406),
(11267, 8, '2017-05-07 13:14:38', 1884714518755),
(11268, 8, '2017-05-09 06:42:38', 7894760542571),
(11269, 8, '2017-05-12 01:10:50', 6341553572602),
(11270, 8, '2017-05-17 17:03:29', 3848160840632),
(11271, 8, '2017-05-12 10:57:30', 912658083343),
(11272, 8, '2017-04-24 23:31:52', 270076850526),
(11273, 8, '2017-05-08 22:13:47', 7507170443448),
(11274, 8, '2017-05-19 07:25:37', 186056997725),
(11275, 8, '2017-05-14 04:38:10', 6484204893967),
(11276, 8, '2017-05-16 20:09:59', 8713698550141),
(11277, 8, '2017-04-20 06:22:44', 1700291284443),
(11278, 8, '2017-05-14 00:17:13', 3031121096643),
(11279, 8, '2017-05-13 12:27:44', 7654447946721),
(11280, 8, '2017-05-03 09:26:18', 9793341257612),
(11281, 8, '2017-05-07 10:21:25', 2148067462336),
(11282, 8, '2017-05-19 03:05:18', 1066572978250),
(11283, 8, '2017-05-19 09:55:11', 3545040413802),
(11284, 8, '2017-05-11 00:31:01', 2271077619011),
(11285, 8, '2017-05-18 16:45:17', 9352778834298),
(11286, 8, '2017-05-08 01:42:33', 4491475056912),
(11287, 8, '2017-05-06 13:32:43', 4867141693882),
(11288, 8, '2017-05-14 09:04:24', 9116794401789),
(11289, 8, '2017-05-10 01:56:29', 9023666051227),
(11290, 8, '2017-05-15 23:19:55', 9163123099142),
(11291, 8, '2017-04-29 00:23:22', 4766201125510),
(11292, 8, '2017-04-21 03:27:50', 8149820636045),
(11293, 8, '2017-05-12 20:11:53', 3054818888264),
(11294, 8, '2017-05-15 07:22:10', 9537243619566),
(11295, 8, '2017-05-17 14:48:18', 6372917238659),
(11296, 8, '2017-04-21 10:53:27', 6615459616330),
(11297, 8, '2017-05-02 16:37:41', 3530648113293),
(11298, 8, '2017-04-23 15:00:32', 4329217174147),
(11299, 8, '2017-05-03 23:33:08', 1123048341921),
(11300, 8, '2017-04-23 12:16:52', 3013304220582),
(11301, 8, '2017-05-05 20:48:46', 6258899122514),
(11302, 8, '2017-05-15 23:59:15', 7917721509023),
(11303, 8, '2017-04-27 16:56:35', 4324508458433),
(11304, 8, '2017-05-16 19:04:10', 9685983080421),
(11305, 8, '2017-05-07 15:37:15', 377047271564),
(11306, 8, '2017-05-16 12:33:38', 1892009074880),
(11307, 8, '2017-05-09 20:09:05', 7059911917925),
(11308, 8, '2017-04-27 11:31:46', 8745572036145),
(11309, 8, '2017-05-14 14:46:20', 1560055594975),
(11310, 2, '2017-06-04 18:45:19', 5906790630002),
(11311, 2, '2017-05-21 17:26:20', 3910091947825),
(11312, 2, '2017-06-14 10:10:44', 7454765113096),
(11313, 2, '2017-06-17 14:22:47', 7851719926133),
(11314, 2, '2017-06-16 01:05:04', 5264227436903),
(11315, 2, '2017-06-09 07:30:51', 2542365300543),
(11316, 2, '2017-05-30 17:54:29', 4070068989008),
(11317, 2, '2017-06-17 21:17:16', 3500441163843),
(11318, 2, '2017-06-14 05:01:18', 5523719056554),
(11319, 2, '2017-05-23 12:16:33', 766840064990),
(11320, 2, '2017-05-21 12:44:34', 7010258091644),
(11321, 3, '2017-06-13 14:45:52', 1520463647405),
(11322, 3, '2017-06-07 16:58:28', 4050513813332),
(11323, 3, '2017-06-02 12:35:22', 8263517185132),
(11324, 3, '2017-05-22 23:58:47', 7254179827897),
(11325, 3, '2017-06-05 07:56:24', 4753615260177),
(11326, 3, '2017-06-05 22:24:40', 2978175436217),
(11327, 3, '2017-06-07 11:03:12', 9208456068308),
(11328, 3, '2017-05-29 17:43:11', 1936711710958),
(11329, 3, '2017-06-18 10:28:34', 7193689979641),
(11330, 3, '2017-06-06 01:14:05', 1264887051744),
(11331, 3, '2017-06-12 23:58:44', 1250459584495),
(11332, 3, '2017-05-30 10:16:19', 4007515767649),
(11333, 3, '2017-06-07 18:10:47', 2460504481644),
(11334, 3, '2017-06-04 01:18:10', 8567339899033),
(11335, 3, '2017-06-09 16:56:19', 2922905492667),
(11336, 3, '2017-06-02 22:52:26', 4763071280956),
(11337, 3, '2017-06-17 19:06:54', 7927435766927),
(11338, 3, '2017-05-21 22:20:00', 1937375781207),
(11339, 3, '2017-05-26 17:28:52', 8015291420763),
(11340, 3, '2017-05-30 09:54:37', 8714406713857),
(11341, 3, '2017-05-25 23:18:34', 7755449456185),
(11342, 3, '2017-06-08 11:50:30', 3058287366363),
(11343, 3, '2017-06-08 20:55:10', 7282581115169),
(11344, 3, '2017-06-09 15:48:11', 7242694785846),
(11345, 3, '2017-05-24 08:25:28', 3075501113268),
(11346, 3, '2017-05-27 03:37:49', 2749341959206),
(11347, 3, '2017-06-01 05:48:53', 2586838686913),
(11348, 3, '2017-06-12 11:51:39', 6339148227162),
(11349, 3, '2017-05-26 15:35:57', 2746608574016),
(11350, 3, '2017-06-07 15:33:02', 1991475867187),
(11351, 3, '2017-06-18 22:11:24', 904148430654),
(11352, 3, '2017-06-07 17:16:09', 6688690041225),
(11353, 3, '2017-05-26 21:31:50', 333461151555),
(11354, 3, '2017-06-06 03:09:59', 6832580361547),
(11355, 3, '2017-06-05 01:01:38', 1709134611384),
(11356, 3, '2017-05-25 14:15:57', 8939959416177),
(11357, 3, '2017-05-24 14:45:46', 5328651503707),
(11358, 3, '2017-06-16 06:10:27', 2692652093319),
(11359, 3, '2017-06-08 02:17:17', 4778204336815),
(11360, 3, '2017-05-20 08:28:08', 7943461458220),
(11361, 3, '2017-06-12 19:49:11', 5336499223532),
(11362, 3, '2017-06-16 03:49:54', 2453395277337),
(11363, 3, '2017-06-10 18:30:46', 8895414890733),
(11364, 3, '2017-06-03 01:45:43', 5928714270744),
(11365, 3, '2017-06-09 01:31:52', 8655824968605),
(11366, 3, '2017-05-25 13:18:05', 2338076406235),
(11367, 3, '2017-06-19 08:16:11', 6833878043140),
(11368, 3, '2017-06-18 20:28:13', 9619799777870),
(11369, 3, '2017-06-07 22:10:08', 3779547414804),
(11370, 3, '2017-06-03 10:32:42', 3440921492940),
(11371, 3, '2017-06-06 03:55:50', 3791240993949),
(11372, 3, '2017-06-12 02:26:39', 3126142141478),
(11373, 3, '2017-06-17 11:51:55', 1764596877702),
(11374, 3, '2017-06-19 07:29:53', 1343621006322),
(11375, 3, '2017-06-04 10:03:07', 5636942046738),
(11376, 3, '2017-06-13 03:36:33', 7625475977571),
(11377, 3, '2017-06-06 05:51:03', 5394241246441),
(11378, 3, '2017-06-06 02:36:16', 7453905586179),
(11379, 3, '2017-06-05 00:30:31', 9392577591359),
(11380, 3, '2017-06-14 23:49:39', 5635832073211),
(11381, 3, '2017-06-14 02:17:41', 8388577047752),
(11382, 3, '2017-06-08 11:57:26', 3515224149515),
(11383, 3, '2017-05-29 19:29:53', 7947438056602),
(11384, 3, '2017-05-26 20:06:45', 1459563248876),
(11385, 3, '2017-06-15 04:41:22', 7032734360576),
(11386, 3, '2017-05-29 20:26:45', 841834466064),
(11387, 3, '2017-06-05 10:24:04', 407941592953),
(11388, 3, '2017-06-10 14:14:41', 4102168665326),
(11389, 3, '2017-05-20 00:24:25', 9120524465116),
(11390, 3, '2017-06-16 03:16:51', 2543952595517),
(11391, 3, '2017-06-02 20:48:09', 7349843164001),
(11392, 3, '2017-05-30 20:58:13', 8410807568596),
(11393, 4, '2017-05-23 05:56:23', 95649692328),
(11394, 4, '2017-05-26 21:56:51', 8618220086224),
(11395, 4, '2017-06-09 01:02:03', 9592167432424),
(11396, 4, '2017-06-01 12:21:05', 90238116780),
(11397, 4, '2017-06-04 20:48:00', 1879663700319),
(11398, 4, '2017-06-06 03:16:23', 7784225619420),
(11399, 4, '2017-05-22 19:00:09', 6815814049947),
(11400, 4, '2017-06-15 13:34:45', 6688420069437),
(11401, 4, '2017-05-19 23:12:40', 1855364488519),
(11402, 4, '2017-05-25 12:29:20', 9739563642073),
(11403, 4, '2017-06-08 00:27:15', 5781454010909),
(11404, 5, '2017-06-09 20:12:23', 872661676349),
(11405, 5, '2017-05-30 17:23:05', 6211957787202),
(11406, 5, '2017-06-04 08:31:29', 5629313467114),
(11407, 5, '2017-05-31 18:22:05', 791203356440),
(11408, 5, '2017-05-31 03:24:53', 2078557703723),
(11409, 5, '2017-05-19 16:36:23', 6097763553301),
(11410, 5, '2017-06-11 14:06:55', 6561537343112),
(11411, 5, '2017-06-01 04:35:30', 7849483485355),
(11412, 5, '2017-05-20 02:58:42', 6958647435562),
(11413, 5, '2017-05-21 02:35:24', 2238313513885),
(11414, 5, '2017-06-18 09:01:56', 6358300955071),
(11415, 5, '2017-06-09 20:29:39', 5712521704888),
(11416, 5, '2017-05-28 08:54:30', 9032059288594),
(11417, 5, '2017-05-25 00:13:10', 123367947625),
(11418, 5, '2017-05-22 05:00:21', 9153966512540),
(11419, 5, '2017-06-09 03:52:35', 9048285358595),
(11420, 5, '2017-06-18 06:55:09', 5341149726929),
(11421, 5, '2017-05-20 20:32:48', 343954279184),
(11422, 5, '2017-06-12 21:09:33', 8227951517347),
(11423, 5, '2017-05-30 05:13:19', 826540407816),
(11424, 5, '2017-06-01 06:24:44', 246884916075),
(11425, 5, '2017-06-12 09:33:25', 2283792533057),
(11426, 5, '2017-05-20 23:39:55', 6471651201172),
(11427, 5, '2017-06-12 14:57:32', 7286994266351),
(11428, 5, '2017-06-17 00:14:34', 7868932453006),
(11429, 5, '2017-06-07 20:41:27', 728697278629),
(11430, 5, '2017-05-29 13:20:22', 2848241813552),
(11431, 5, '2017-05-24 08:20:26', 53549432295),
(11432, 5, '2017-05-25 18:12:04', 9643462784592),
(11433, 5, '2017-06-18 23:40:12', 9002494239259),
(11434, 5, '2017-06-09 17:56:06', 8303810940141),
(11435, 5, '2017-05-28 22:59:14', 4575309823321),
(11436, 5, '2017-05-21 16:14:50', 4309099447039),
(11437, 5, '2017-06-08 19:54:01', 9514614511287),
(11438, 5, '2017-06-01 16:43:20', 9341216590263),
(11439, 5, '2017-06-18 07:19:10', 185301569388),
(11440, 5, '2017-06-03 06:45:13', 3418154972671),
(11441, 5, '2017-05-26 21:17:30', 151171381683),
(11442, 5, '2017-05-22 04:40:13', 2449121251778),
(11443, 5, '2017-05-23 14:17:36', 8989099124457),
(11444, 5, '2017-06-17 17:29:04', 269209607601),
(11445, 5, '2017-05-24 01:14:08', 5041143037428),
(11446, 5, '2017-06-13 11:52:34', 5624834811359),
(11447, 5, '2017-05-26 23:09:44', 7566733909795),
(11448, 5, '2017-06-12 18:47:09', 7533026975604),
(11449, 5, '2017-05-24 00:49:10', 4816585443966),
(11450, 5, '2017-05-29 18:43:48', 8285947619024),
(11451, 5, '2017-06-04 00:39:50', 3158427956582),
(11452, 5, '2017-06-05 05:32:54', 4660617788376),
(11453, 5, '2017-05-21 23:30:18', 9962765155361),
(11454, 5, '2017-05-29 17:06:13', 4114724318556),
(11455, 5, '2017-06-17 09:40:21', 9128739829184),
(11456, 5, '2017-06-17 08:20:40', 8064395757412),
(11457, 5, '2017-06-07 20:05:18', 2839384698380),
(11458, 5, '2017-06-17 11:47:58', 4729811158084),
(11459, 5, '2017-06-14 16:55:51', 8796185022232),
(11460, 5, '2017-06-07 21:43:32', 7696843300969),
(11461, 5, '2017-06-16 16:54:00', 4991954243792),
(11462, 5, '2017-06-12 19:19:50', 4343589157854),
(11463, 5, '2017-06-17 23:33:02', 5866100397002),
(11464, 5, '2017-05-20 23:40:03', 8304167068581),
(11465, 5, '2017-06-04 20:12:45', 5324119734625),
(11466, 5, '2017-05-20 13:52:50', 3915466954992),
(11467, 5, '2017-06-05 21:29:26', 3148888270439),
(11468, 5, '2017-06-10 21:16:15', 165899531082),
(11469, 6, '2017-05-22 06:53:44', 7784060584404),
(11470, 6, '2017-05-27 04:40:25', 8135298672151),
(11471, 6, '2017-05-29 17:19:06', 6601678277400),
(11472, 6, '2017-06-07 11:17:12', 7983055445386),
(11473, 6, '2017-05-31 11:38:01', 9122031689631),
(11474, 6, '2017-06-14 04:46:47', 9582695360300),
(11475, 6, '2017-05-31 10:27:49', 67862984823),
(11476, 6, '2017-06-15 20:29:05', 4215019526949),
(11477, 6, '2017-05-30 04:17:17', 7205734904884),
(11478, 6, '2017-06-09 00:26:48', 5463181142741),
(11479, 6, '2017-05-25 14:03:20', 592758110818),
(11480, 6, '2017-06-12 11:22:00', 5901022637304),
(11481, 6, '2017-05-23 20:07:15', 5675955102822),
(11482, 6, '2017-05-25 21:48:57', 3148981463232),
(11483, 6, '2017-06-11 15:16:34', 5837322427002),
(11484, 6, '2017-05-28 06:08:29', 1647796114059),
(11485, 6, '2017-05-21 00:04:56', 1948816715820),
(11486, 6, '2017-06-18 08:09:51', 7043841076113),
(11487, 6, '2017-05-31 08:01:00', 3443093407033),
(11488, 6, '2017-06-09 09:35:52', 6099997074382),
(11489, 6, '2017-06-17 07:30:44', 7188637186801),
(11490, 6, '2017-06-07 21:20:22', 1006905031480),
(11491, 6, '2017-05-22 22:03:10', 4742971141875),
(11492, 6, '2017-05-23 03:14:28', 2452145186328),
(11493, 6, '2017-06-16 07:20:50', 248301709168),
(11494, 6, '2017-06-16 02:01:54', 1711809365161),
(11495, 6, '2017-06-14 07:46:37', 6590538099442),
(11496, 6, '2017-05-26 12:48:16', 1469843192111),
(11497, 6, '2017-06-17 22:10:33', 7181963874056),
(11498, 6, '2017-06-03 19:11:03', 2567927204147),
(11499, 6, '2017-06-14 03:22:27', 4298668354807),
(11500, 6, '2017-06-06 11:53:54', 591761204508),
(11501, 6, '2017-05-19 16:42:12', 3766001202228),
(11502, 6, '2017-06-04 11:23:54', 4878838020428),
(11503, 6, '2017-05-21 19:02:28', 909538054929),
(11504, 6, '2017-05-20 20:19:12', 7969685029259),
(11505, 6, '2017-05-20 02:15:16', 4431790160071),
(11506, 6, '2017-06-19 13:56:25', 4697483154067),
(11507, 6, '2017-06-18 15:44:36', 4029223667517),
(11508, 6, '2017-06-15 12:00:40', 1544588352638),
(11509, 6, '2017-06-09 21:41:00', 7309158826274),
(11510, 6, '2017-05-29 05:49:26', 7543729846391),
(11511, 6, '2017-06-04 05:43:19', 6298943827897),
(11512, 6, '2017-06-07 04:02:10', 2671278258859),
(11513, 6, '2017-05-29 12:33:56', 434838878086),
(11514, 6, '2017-05-25 20:58:20', 9867665148342),
(11515, 6, '2017-06-03 09:32:24', 4142653006187),
(11516, 6, '2017-05-23 20:29:57', 6902491832183),
(11517, 6, '2017-06-16 20:33:13', 594226969500),
(11518, 6, '2017-05-31 05:34:40', 1139372936538),
(11519, 6, '2017-06-17 04:39:23', 8960360814828),
(11520, 6, '2017-06-04 02:18:15', 8673748192391),
(11521, 6, '2017-05-27 12:50:38', 755740376281),
(11522, 6, '2017-05-20 15:07:11', 2196364607740),
(11523, 6, '2017-05-31 06:59:30', 5457322709308),
(11524, 6, '2017-06-01 14:01:47', 7932641147657),
(11525, 6, '2017-06-07 19:29:01', 5387286180676),
(11526, 6, '2017-05-22 18:27:36', 5902254278813),
(11527, 6, '2017-06-11 21:46:20', 9432996348484),
(11528, 6, '2017-05-25 17:17:25', 1586178271184),
(11529, 6, '2017-05-30 23:30:58', 3608753220242),
(11530, 6, '2017-06-06 15:36:49', 7325276653309),
(11531, 6, '2017-05-24 15:21:54', 2313280198800),
(11532, 6, '2017-06-02 15:03:04', 97608184540),
(11533, 6, '2017-05-20 04:07:41', 6254886616990),
(11534, 6, '2017-06-02 02:20:48', 2480256622732),
(11535, 8, '2017-05-29 06:24:33', 1199342175474),
(11536, 8, '2017-06-03 11:32:07', 2204458443526),
(11537, 8, '2017-06-08 16:14:51', 3400054765000),
(11538, 8, '2017-06-03 15:30:18', 8839122648363),
(11539, 8, '2017-06-12 15:37:30', 569471730944),
(11540, 8, '2017-06-13 18:51:11', 8189571835119),
(11541, 8, '2017-06-07 06:41:23', 7739388020732),
(11542, 8, '2017-05-26 16:54:24', 8074833117445),
(11543, 8, '2017-06-09 07:46:26', 4851926500029),
(11544, 8, '2017-05-30 08:48:30', 1877994448959),
(11545, 8, '2017-05-23 22:52:31', 3936078781323),
(11546, 8, '2017-06-14 11:49:21', 5463405097880),
(11547, 8, '2017-06-16 04:07:28', 8912139027391),
(11548, 8, '2017-05-28 22:16:52', 1453339723024),
(11549, 8, '2017-06-13 03:53:02', 1983893788500),
(11550, 8, '2017-06-17 01:26:01', 4451367780622),
(11551, 8, '2017-06-10 15:31:48', 8241539979371),
(11552, 8, '2017-06-06 18:05:47', 1168379820971),
(11553, 8, '2017-05-31 06:16:07', 8847303176311),
(11554, 8, '2017-05-30 10:12:55', 1188108967705),
(11555, 8, '2017-06-06 21:05:49', 8692004489726),
(11556, 8, '2017-06-16 14:13:44', 9889246127570),
(11557, 8, '2017-05-28 10:00:17', 4025475480653),
(11558, 8, '2017-06-08 23:39:54', 1398223661903),
(11559, 8, '2017-06-16 09:13:20', 3773725298295),
(11560, 8, '2017-06-16 02:01:10', 6513219010120),
(11561, 8, '2017-06-03 06:36:15', 9075822285386),
(11562, 8, '2017-06-12 20:43:26', 5539990738079),
(11563, 8, '2017-06-11 06:54:15', 103360349411),
(11564, 8, '2017-05-20 20:16:38', 2762107648959),
(11565, 8, '2017-06-13 14:08:29', 9523951434536),
(11566, 8, '2017-06-14 08:38:49', 6265135910399),
(11567, 8, '2017-06-17 20:08:12', 6713187210295),
(11568, 8, '2017-05-23 05:36:35', 3860918767812),
(11569, 8, '2017-06-05 00:14:35', 6135547431225),
(11570, 8, '2017-06-08 18:37:34', 958476872273),
(11571, 8, '2017-05-29 02:00:58', 1150362785062),
(11572, 8, '2017-06-18 09:37:41', 8356451448070),
(11573, 8, '2017-05-27 21:35:33', 6098573138045),
(11574, 8, '2017-05-28 12:25:59', 9741719574671),
(11575, 8, '2017-06-09 15:25:29', 7396286656175),
(11576, 8, '2017-06-10 05:23:44', 1613688957961),
(11577, 8, '2017-06-07 06:23:59', 5262852008502),
(11578, 8, '2017-06-19 01:29:07', 2144061015066),
(11579, 8, '2017-06-05 02:39:39', 6080052396322),
(11580, 8, '2017-05-26 19:28:25', 7198547530016),
(11581, 8, '2017-05-27 18:53:22', 5906256069470),
(11582, 8, '2017-06-07 03:14:06', 633521271031),
(11583, 8, '2017-06-07 10:23:26', 2081463881847),
(11584, 8, '2017-05-28 08:03:04', 2141218413677),
(11585, 8, '2017-06-10 21:25:39', 8589160870775),
(11586, 8, '2017-05-26 19:18:46', 9081196328635),
(11587, 8, '2017-05-30 14:51:56', 7488979580838),
(11588, 8, '2017-06-16 09:59:22', 2541459128335),
(11589, 8, '2017-06-06 00:59:45', 2561423420049),
(11590, 8, '2017-06-10 14:00:32', 5350889884913),
(11591, 8, '2017-06-08 02:37:28', 4424774139244),
(11592, 8, '2017-06-14 01:05:46', 1394951567139),
(11593, 8, '2017-06-03 14:04:09', 9759529395963),
(11594, 8, '2017-06-12 19:37:01', 4638669085742),
(11595, 8, '2017-06-05 06:02:40', 6863763611795),
(11596, 8, '2017-06-01 11:27:23', 3434161404213),
(11597, 8, '2017-05-24 21:17:50', 1570196347395),
(11598, 8, '2017-06-03 18:58:53', 692828525882),
(11599, 8, '2017-06-10 19:20:57', 2594767874181),
(11600, 8, '2017-06-05 05:22:57', 4182893224119),
(11601, 8, '2017-05-20 06:13:39', 4971488677016),
(11602, 8, '2017-05-28 17:37:14', 285755870960),
(11603, 8, '2017-06-14 07:34:18', 7597425584706),
(11604, 8, '2017-05-20 04:25:06', 9006881546239),
(11605, 8, '2017-05-20 15:18:04', 9154350650506),
(11606, 8, '2017-06-04 20:09:00', 1407229569826),
(11607, 8, '2017-06-02 09:58:38', 2805365114545),
(11608, 8, '2017-06-16 00:10:59', 348975141629),
(11609, 8, '2017-06-07 15:32:09', 5736393458253),
(11610, 8, '2017-06-10 15:03:01', 9070808258849),
(11611, 8, '2017-05-28 12:14:38', 5020304047552),
(11612, 8, '2017-06-11 19:02:08', 7711840756261),
(11613, 8, '2017-06-14 12:30:51', 9808662696744),
(11614, 8, '2017-05-27 13:25:59', 473203780224),
(11615, 8, '2017-06-08 22:33:28', 7975802123567),
(11616, 8, '2017-05-23 13:22:52', 261245053358),
(11617, 8, '2017-06-04 12:56:48', 9732527206655),
(11618, 8, '2017-06-12 06:48:13', 979698272512),
(11619, 8, '2017-06-08 12:39:01', 5509854471356),
(11620, 8, '2017-06-08 16:08:56', 322937858387),
(11621, 8, '2017-06-13 15:21:33', 3492586105196),
(11622, 8, '2017-06-06 12:39:40', 1243121754465),
(11623, 8, '2017-05-21 10:32:25', 3534211367433),
(11624, 8, '2017-06-14 01:15:07', 6060445145743),
(11625, 8, '2017-06-13 17:02:50', 1128611131660),
(11626, 2, '2017-07-06 11:39:36', 1425315514292),
(11627, 2, '2017-06-23 16:57:34', 973005429931),
(11628, 2, '2017-07-11 18:50:16', 1786331385456),
(11629, 2, '2017-07-01 15:01:46', 8233998264204),
(11630, 2, '2017-07-14 19:54:02', 4985001999935),
(11631, 2, '2017-06-30 00:59:25', 5664006448394),
(11632, 2, '2017-07-13 14:26:52', 5284597380134),
(11633, 2, '2017-06-29 16:42:35', 4823134220257),
(11634, 2, '2017-07-06 00:53:11', 7006283435069),
(11635, 2, '2017-07-06 07:37:05', 3678430663485),
(11636, 2, '2017-06-30 01:29:42', 2566356631070),
(11637, 2, '2017-07-02 17:55:32', 4520361190717),
(11638, 2, '2017-06-22 12:18:53', 6869939342173),
(11639, 2, '2017-07-11 05:39:42', 3050872897799),
(11640, 2, '2017-07-19 10:45:22', 7357020415392),
(11641, 2, '2017-07-09 04:44:21', 3161100754583),
(11642, 2, '2017-07-14 23:13:46', 8346320828440),
(11643, 2, '2017-07-18 19:10:35', 9727077684368),
(11644, 2, '2017-07-17 21:33:17', 3608288131718),
(11645, 2, '2017-07-11 16:29:34', 7406043158870),
(11646, 2, '2017-07-14 23:39:38', 7943678330651),
(11647, 2, '2017-07-06 02:54:29', 4854713343135),
(11648, 2, '2017-06-22 20:48:08', 8303745775501),
(11649, 2, '2017-06-24 05:38:52', 3592664417875),
(11650, 2, '2017-06-20 05:49:36', 3183340798200),
(11651, 2, '2017-07-07 16:12:11', 8294346244092),
(11652, 2, '2017-07-05 12:54:01', 6695391768623),
(11653, 2, '2017-06-28 08:08:06', 7479660632114),
(11654, 2, '2017-06-23 18:47:48', 2236435636955),
(11655, 2, '2017-06-30 10:52:15', 2294396767470),
(11656, 2, '2017-07-15 17:20:05', 772203216421),
(11657, 2, '2017-07-19 00:54:53', 6362948459610),
(11658, 2, '2017-06-29 01:48:09', 2556760194786),
(11659, 2, '2017-07-15 17:19:03', 5166548816536),
(11660, 2, '2017-07-09 03:15:44', 6224042908326),
(11661, 2, '2017-07-05 05:41:09', 40374831396),
(11662, 2, '2017-07-04 15:08:23', 7372320159365),
(11663, 2, '2017-07-03 06:36:33', 1443557832475),
(11664, 2, '2017-07-13 13:49:55', 3295692768946),
(11665, 2, '2017-07-08 20:26:30', 1675310158254),
(11666, 2, '2017-06-20 12:15:07', 1555918655442),
(11667, 2, '2017-07-16 01:34:53', 6338438540734),
(11668, 2, '2017-07-06 10:32:05', 807222402746),
(11669, 2, '2017-06-24 14:43:57', 6859275973434),
(11670, 2, '2017-06-21 14:01:27', 7715775556885),
(11671, 2, '2017-06-30 17:10:21', 4178115846647),
(11672, 2, '2017-07-08 06:17:16', 5884496327531),
(11673, 2, '2017-07-13 13:05:54', 3359818216479),
(11674, 2, '2017-07-14 22:03:41', 8792156404828),
(11675, 2, '2017-06-22 05:59:37', 1180296572944),
(11676, 2, '2017-07-08 01:38:57', 3755235811758),
(11677, 2, '2017-06-27 19:39:22', 2250009831118),
(11678, 2, '2017-07-12 19:35:54', 4074115208409),
(11679, 2, '2017-07-13 00:33:58', 8631443283535),
(11680, 2, '2017-07-06 06:20:50', 5962925241369),
(11681, 2, '2017-07-04 09:35:51', 8206080328691),
(11682, 2, '2017-07-02 05:29:20', 9678445761096),
(11683, 2, '2017-06-23 23:26:38', 2971955998871),
(11684, 2, '2017-07-18 09:12:16', 362335899941),
(11685, 2, '2017-07-18 09:57:54', 6961886067905),
(11686, 2, '2017-07-10 12:09:22', 3333104094557),
(11687, 2, '2017-07-10 07:49:45', 9043149957443),
(11688, 2, '2017-07-04 16:34:06', 3914831490317),
(11689, 2, '2017-06-29 14:16:14', 9973238590174),
(11690, 2, '2017-06-21 05:17:53', 5631789397492),
(11691, 2, '2017-06-29 16:23:48', 4699653871410),
(11692, 2, '2017-07-08 03:48:27', 3590663499263),
(11693, 2, '2017-07-01 20:56:42', 8427990977668),
(11694, 2, '2017-07-09 00:13:07', 3839683122994),
(11695, 2, '2017-07-10 20:42:21', 3038085363875),
(11696, 2, '2017-07-15 09:13:46', 1380549715918),
(11697, 3, '2017-07-13 23:29:36', 2199624404389),
(11698, 3, '2017-06-25 13:27:08', 6046551577787),
(11699, 3, '2017-07-11 20:34:53', 6164630195164),
(11700, 3, '2017-07-18 22:44:24', 3991970010162),
(11701, 3, '2017-06-20 00:46:55', 6792828170615),
(11702, 3, '2017-07-16 18:32:40', 1693584886462),
(11703, 3, '2017-07-11 01:13:24', 9651503134523),
(11704, 3, '2017-06-30 16:12:33', 467592030858),
(11705, 3, '2017-06-21 20:15:52', 5666907448365),
(11706, 3, '2017-07-18 14:50:04', 5680431984408),
(11707, 3, '2017-07-10 23:53:53', 8435296001860),
(11708, 3, '2017-07-06 11:58:10', 3622772456210),
(11709, 3, '2017-07-16 06:18:23', 2253937493156),
(11710, 3, '2017-07-06 20:17:20', 7976237628629),
(11711, 3, '2017-07-19 05:42:02', 3897866280810),
(11712, 3, '2017-06-27 09:34:43', 4395817979295),
(11713, 3, '2017-07-16 10:00:50', 156007679277),
(11714, 3, '2017-07-12 04:43:17', 795236402283),
(11715, 3, '2017-07-11 01:37:41', 6854910114812),
(11716, 3, '2017-07-13 13:40:59', 9287538360812),
(11717, 3, '2017-07-06 06:36:23', 3667149706807),
(11718, 3, '2017-07-12 08:53:45', 5549304550558),
(11719, 3, '2017-07-15 03:22:42', 6622000858222),
(11720, 3, '2017-06-30 14:56:40', 4786825794779),
(11721, 3, '2017-06-30 03:20:33', 9921651366168),
(11722, 3, '2017-07-04 15:39:24', 6900445101814),
(11723, 3, '2017-07-11 04:32:52', 5938870403956),
(11724, 3, '2017-06-29 08:01:20', 780367287899),
(11725, 3, '2017-07-02 22:38:57', 3209605268270),
(11726, 3, '2017-06-23 11:30:40', 7184100658661),
(11727, 3, '2017-07-18 07:33:07', 1323881913063),
(11728, 3, '2017-07-13 01:30:49', 6651043999042),
(11729, 3, '2017-06-29 12:18:54', 2767077745011),
(11730, 3, '2017-06-24 21:12:13', 9657535110604),
(11731, 3, '2017-06-25 14:49:30', 114512555400),
(11732, 3, '2017-07-13 10:21:06', 1435108063828),
(11733, 3, '2017-06-29 15:38:45', 8437173841537),
(11734, 3, '2017-07-15 22:42:12', 4156973995327),
(11735, 3, '2017-06-20 06:32:36', 9502714672131),
(11736, 3, '2017-07-03 06:16:08', 1557852374474),
(11737, 3, '2017-07-07 08:08:38', 9848935906777),
(11738, 3, '2017-06-27 12:31:07', 8500118521058),
(11739, 3, '2017-06-21 11:21:13', 6455691522023),
(11740, 3, '2017-06-27 20:52:51', 1916885594918),
(11741, 3, '2017-07-07 19:08:43', 1618873826312),
(11742, 3, '2017-07-14 21:50:49', 4478512210827),
(11743, 3, '2017-07-16 15:09:43', 9949776064606),
(11744, 3, '2017-07-14 00:50:52', 2643220536484),
(11745, 3, '2017-07-13 23:53:07', 5445317076565),
(11746, 3, '2017-07-08 14:38:50', 9565844177273),
(11747, 3, '2017-06-28 22:06:36', 8146130270344),
(11748, 3, '2017-07-06 21:12:23', 9075894216085),
(11749, 3, '2017-06-22 01:41:19', 7869520243279),
(11750, 3, '2017-07-11 05:19:45', 1208182051865),
(11751, 3, '2017-07-17 21:39:04', 6907100104758),
(11752, 3, '2017-07-07 23:24:46', 3408094826220),
(11753, 3, '2017-06-29 22:35:37', 3820657334352),
(11754, 3, '2017-07-03 12:53:19', 1760895336129),
(11755, 3, '2017-07-06 07:38:39', 5172045482371),
(11756, 3, '2017-06-23 13:14:38', 9570122873415),
(11757, 3, '2017-07-07 22:45:43', 4936772417328),
(11758, 3, '2017-07-16 12:08:29', 7994120097739),
(11759, 3, '2017-07-08 00:39:07', 9859475800769),
(11760, 3, '2017-06-21 07:04:08', 8144071688894),
(11761, 4, '2017-07-11 18:30:46', 2368921767996),
(11762, 4, '2017-07-15 13:37:13', 6400503525547),
(11763, 4, '2017-07-07 04:51:41', 1035729521043),
(11764, 4, '2017-07-04 05:39:31', 7154306685581),
(11765, 4, '2017-07-10 11:58:21', 7033905568563),
(11766, 4, '2017-07-13 11:38:17', 770539273600),
(11767, 4, '2017-06-28 12:29:04', 4404022567961),
(11768, 4, '2017-07-07 03:31:53', 3330047321572),
(11769, 4, '2017-06-28 21:17:29', 1941844751207),
(11770, 4, '2017-06-24 19:53:36', 2676842804140),
(11771, 4, '2017-07-15 05:31:02', 7031595092297),
(11772, 4, '2017-06-26 18:53:11', 7432231106821),
(11773, 4, '2017-06-28 03:41:40', 2495863130391),
(11774, 4, '2017-07-15 21:37:30', 7783904299162),
(11775, 4, '2017-07-16 04:20:25', 4253044114506),
(11776, 4, '2017-06-20 20:31:38', 1555454158308),
(11777, 4, '2017-06-26 17:13:01', 1772113349371),
(11778, 4, '2017-07-10 02:14:06', 6575101246160),
(11779, 4, '2017-06-21 09:26:27', 3034239877085),
(11780, 4, '2017-07-12 16:54:13', 1125736842020),
(11781, 4, '2017-07-14 12:45:48', 5187422130305),
(11782, 4, '2017-06-20 17:28:37', 4534138222280),
(11783, 4, '2017-07-05 21:56:11', 1983135454437),
(11784, 4, '2017-07-06 08:53:28', 1633910974571),
(11785, 4, '2017-06-21 01:00:05', 6468353974668),
(11786, 4, '2017-06-27 15:34:38', 2901174416836),
(11787, 4, '2017-06-19 20:17:11', 8677719282000),
(11788, 4, '2017-06-28 01:38:30', 8721706471419),
(11789, 4, '2017-07-13 22:32:27', 9563703206373),
(11790, 4, '2017-07-05 04:44:20', 1469074525024),
(11791, 4, '2017-06-22 12:16:27', 6307306266427),
(11792, 4, '2017-07-19 15:28:26', 627413205896),
(11793, 4, '2017-06-27 12:10:05', 8621901916354),
(11794, 4, '2017-07-14 20:34:05', 9822239945645),
(11795, 4, '2017-06-22 16:38:13', 2390428162256),
(11796, 4, '2017-06-24 07:37:41', 593647700828),
(11797, 4, '2017-07-14 22:27:41', 5568703748330),
(11798, 4, '2017-06-29 06:44:33', 2806014535089),
(11799, 4, '2017-06-23 14:36:32', 958399460741),
(11800, 4, '2017-06-29 14:59:11', 7590021081293),
(11801, 4, '2017-07-15 09:36:21', 7706699087308),
(11802, 4, '2017-06-20 05:39:33', 5104667325553),
(11803, 4, '2017-06-19 21:10:37', 2481632302590),
(11804, 4, '2017-07-17 06:26:22', 8900359356787),
(11805, 4, '2017-07-17 08:57:43', 7145885145320),
(11806, 4, '2017-07-18 01:50:23', 6124898246528),
(11807, 4, '2017-07-07 05:10:59', 7310600657974),
(11808, 4, '2017-06-21 04:03:10', 4835678320430),
(11809, 4, '2017-06-25 00:14:54', 5009205783767),
(11810, 4, '2017-07-06 19:12:01', 3612737278518),
(11811, 4, '2017-07-10 09:37:45', 6135524674357),
(11812, 5, '2017-07-14 17:47:42', 1158317709430),
(11813, 5, '2017-07-09 19:04:19', 4106042436383),
(11814, 5, '2017-07-15 15:55:05', 2002172968430),
(11815, 5, '2017-07-15 07:43:03', 1195216267457),
(11816, 5, '2017-07-18 02:26:28', 5281913331757),
(11817, 5, '2017-07-08 00:11:07', 1209055590531),
(11818, 5, '2017-07-14 12:18:33', 1245887144556),
(11819, 5, '2017-07-03 04:54:06', 2700011935158),
(11820, 5, '2017-07-12 11:50:27', 8823894616229),
(11821, 5, '2017-07-15 06:36:12', 9538481878122),
(11822, 5, '2017-06-25 21:51:44', 4476941977683),
(11823, 5, '2017-07-05 10:33:03', 2310675205739),
(11824, 5, '2017-07-14 08:02:47', 4889810136570),
(11825, 5, '2017-07-17 14:28:14', 322032538339),
(11826, 5, '2017-07-18 15:22:46', 7595733259829),
(11827, 5, '2017-06-27 02:56:16', 3755482728655),
(11828, 5, '2017-06-21 06:00:10', 1796043110162),
(11829, 5, '2017-06-25 13:54:56', 1086856131531),
(11830, 5, '2017-06-28 03:55:08', 3146936902845),
(11831, 5, '2017-07-18 16:34:02', 612749252562),
(11832, 5, '2017-07-11 12:23:03', 4530974649879),
(11833, 5, '2017-06-21 01:26:05', 9277418255814),
(11834, 5, '2017-07-05 20:51:23', 8822829690774),
(11835, 5, '2017-07-18 07:39:44', 6527016889339),
(11836, 5, '2017-07-15 05:02:46', 5546981794804),
(11837, 5, '2017-07-06 21:19:11', 3467877763389),
(11838, 6, '2017-06-28 03:08:39', 8975820960488),
(11839, 6, '2017-06-26 10:02:01', 7190405591419),
(11840, 6, '2017-06-29 04:34:24', 8029544288313),
(11841, 6, '2017-06-28 17:37:10', 1220453321090),
(11842, 6, '2017-06-19 16:47:52', 5670933853878),
(11843, 6, '2017-06-19 17:47:39', 1779595036142),
(11844, 6, '2017-06-30 11:57:18', 843416419903),
(11845, 6, '2017-06-29 23:39:18', 6157670225987),
(11846, 6, '2017-07-12 15:11:27', 8143373643998),
(11847, 6, '2017-07-19 09:35:11', 1753570726223),
(11848, 6, '2017-06-29 18:36:50', 5596365416467),
(11849, 6, '2017-06-29 02:21:46', 4349980875906),
(11850, 6, '2017-06-21 10:25:27', 1410295153122),
(11851, 6, '2017-07-15 01:30:45', 3027429138380),
(11852, 6, '2017-06-24 14:49:19', 784065970311),
(11853, 6, '2017-06-28 09:08:40', 7115801065258),
(11854, 6, '2017-07-06 09:31:52', 3470073086275),
(11855, 8, '2017-07-13 16:06:34', 2427043342107),
(11856, 8, '2017-07-09 02:05:35', 4879748798027),
(11857, 8, '2017-06-22 21:16:58', 3214342282221),
(11858, 8, '2017-07-02 19:02:45', 3930046549127),
(11859, 8, '2017-07-14 18:33:45', 6987781445526),
(11860, 8, '2017-06-25 03:23:39', 180111099132),
(11861, 8, '2017-06-26 21:43:31', 4779569967702),
(11862, 8, '2017-06-30 20:51:53', 7537610461029),
(11863, 8, '2017-06-27 15:09:27', 2665094267650),
(11864, 8, '2017-06-24 15:36:29', 668569640349),
(11865, 8, '2017-07-13 04:58:02', 6489493763110),
(11866, 8, '2017-07-14 19:40:36', 2485802243539),
(11867, 8, '2017-07-18 21:51:54', 7336248876554),
(11868, 8, '2017-06-29 12:30:37', 4733070563578),
(11869, 8, '2017-07-17 15:33:43', 7370699946795),
(11870, 8, '2017-07-02 01:17:11', 4223905345483),
(11871, 8, '2017-07-14 01:13:30', 5936084277969),
(11872, 8, '2017-06-22 21:32:44', 9117543827752),
(11873, 8, '2017-06-22 10:05:46', 6187011390031),
(11874, 8, '2017-07-10 20:49:41', 5892814225558),
(11875, 8, '2017-06-25 01:35:03', 8378249066898),
(11876, 8, '2017-07-13 11:32:42', 611872812826),
(11877, 8, '2017-06-27 18:05:32', 7208685991382),
(11878, 8, '2017-06-20 21:11:06', 9863437395545),
(11879, 8, '2017-07-18 16:55:00', 8311841897684),
(11880, 8, '2017-07-06 23:06:56', 2130460487757),
(11881, 8, '2017-06-23 13:34:04', 1693694256329),
(11882, 8, '2017-07-10 08:40:38', 6655035624314),
(11883, 8, '2017-06-28 22:39:41', 1319508277898),
(11884, 8, '2017-07-11 17:28:14', 8649937864407),
(11885, 8, '2017-06-27 00:58:25', 2389212455676),
(11886, 8, '2017-06-30 17:54:51', 8931066952657),
(11887, 8, '2017-07-15 11:14:48', 5289641125175),
(11888, 8, '2017-07-04 02:28:27', 8686221842668),
(11889, 8, '2017-06-28 04:36:04', 8321913257258),
(11890, 8, '2017-07-13 23:37:34', 2594227609298);

-- --------------------------------------------------------

--
-- Table structure for table `user`
--

CREATE TABLE `user` (
  `id` int(11) NOT NULL,
  `email` varchar(255) NOT NULL COMMENT 'EMail',
  `name` varchar(500) NOT NULL COMMENT 'Name',
  `company_id` mediumint(8) UNSIGNED NOT NULL
) ENGINE=InnoDB DEFAULT CHARSET=utf8;

--
-- Dumping data for table `user`
--

INSERT INTO `user` (`id`, `email`, `name`, `company_id`) VALUES
(2, 'jbond007@mi6.com', 'James Bond', 3),
(3, 'jsmith@example.com', 'John Smith', 2),
(4, 'john@doe.com', 'John Doe', 2),
(5, 'bob@example.com', 'Bob', 1),
(6, 'alica@example.com', 'Alice', 1),
(8, '_mk_@ukr.net', 'me', 1);

--
-- Indexes for dumped tables
--

--
-- Indexes for table `company`
--
ALTER TABLE `company`
  ADD PRIMARY KEY (`id`);

--
-- Indexes for table `traffic`
--
ALTER TABLE `traffic`
  ADD PRIMARY KEY (`id`),
  ADD UNIQUE KEY `id` (`id`),
  ADD KEY `user_id` (`user_id`);

--
-- Indexes for table `user`
--
ALTER TABLE `user`
  ADD PRIMARY KEY (`id`),
  ADD KEY `company_id` (`company_id`);

--
-- AUTO_INCREMENT for dumped tables
--

--
-- AUTO_INCREMENT for table `company`
--
ALTER TABLE `company`
  MODIFY `id` mediumint(8) UNSIGNED NOT NULL AUTO_INCREMENT, AUTO_INCREMENT=26;
--
-- AUTO_INCREMENT for table `traffic`
--
ALTER TABLE `traffic`
  MODIFY `id` bigint(20) UNSIGNED NOT NULL AUTO_INCREMENT, AUTO_INCREMENT=11891;
--
-- AUTO_INCREMENT for table `user`
--
ALTER TABLE `user`
  MODIFY `id` int(11) NOT NULL AUTO_INCREMENT, AUTO_INCREMENT=12;
--
-- Constraints for dumped tables
--

--
-- Constraints for table `traffic`
--
ALTER TABLE `traffic`
  ADD CONSTRAINT `traffic_ibfk_1` FOREIGN KEY (`user_id`) REFERENCES `user` (`id`) ON DELETE SET NULL ON UPDATE CASCADE;

--
-- Constraints for table `user`
--
ALTER TABLE `user`
  ADD CONSTRAINT `user_ibfk_1` FOREIGN KEY (`company_id`) REFERENCES `company` (`id`) ON UPDATE CASCADE;

/*!40101 SET CHARACTER_SET_CLIENT=@OLD_CHARACTER_SET_CLIENT */;
/*!40101 SET CHARACTER_SET_RESULTS=@OLD_CHARACTER_SET_RESULTS */;
/*!40101 SET COLLATION_CONNECTION=@OLD_COLLATION_CONNECTION */;
